,Date,low_adj,high_adj,open_adj,close_adj,volume,marketValue,return,stock
0,2010-12-09,12.7749,12.7749,12.7749,12.7749,18511,523,0.0,2061
1,2010-12-10,15.6138,16.5601,16.0869,15.6138,8104,639,22.2222,2061
2,2010-12-13,15.2353,15.8977,15.6138,15.2826,3961,625,-2.1212,2061
3,2010-12-14,15.2826,15.945,15.2826,15.6611,9647,641,2.4768,2061
4,2010-12-15,15.4245,15.945,15.6611,15.4245,3077,631,-1.5106,2061
5,2010-12-16,15.4718,16.4654,15.7084,16.4654,9744,674,6.7485,2061
6,2010-12-17,16.1342,17.0332,17.0332,16.1342,6919,660,-2.0115,2061
7,2010-12-20,16.2762,17.2225,16.5601,17.2225,16234,705,6.7449,2061
8,2010-12-21,16.9859,17.5063,17.2225,17.3644,9088,711,0.8242,2061
9,2010-12-22,17.0332,18.5473,17.3644,18.0268,9740,738,3.8147,2061
10,2010-12-23,17.7902,18.358,18.358,17.9795,7704,736,-0.2625,2061
11,2010-12-24,17.4117,17.9795,17.601,17.6956,8960,724,-1.5789,2061
12,2010-12-27,17.2225,17.6956,17.601,17.2698,5195,707,-2.4064,2061
13,2010-12-28,17.0332,17.6956,17.3171,17.6956,3535,724,2.4658,2061
14,2010-12-29,17.0805,17.5537,17.4117,17.1751,2242,703,-2.9412,2061
15,2010-12-30,17.0805,17.3644,17.2225,17.1278,2467,701,-0.2755,2061
16,2010-12-31,17.0332,17.2225,17.1278,17.0332,1411,697,-0.5525,2061
17,2011-01-03,16.2762,17.0332,17.0332,16.4654,3188,674,-3.3333,2061
18,2011-01-04,15.8977,16.8439,16.2762,16.702,2100,683,1.4368,2061
19,2011-01-05,16.2762,16.8913,16.702,16.4181,1474,672,-1.6997,2061
20,2011-01-06,16.4654,16.702,16.4654,16.6547,1229,681,1.4409,2061
21,2011-01-07,16.5601,16.8913,16.6547,16.5601,1289,678,-0.5682,2061
22,2011-01-10,16.4181,16.8439,16.5601,16.4181,1069,672,-0.8571,2061
23,2011-01-11,16.4654,16.702,16.5127,16.5601,385,678,0.8646,2061
24,2011-01-12,16.5601,16.9386,16.5601,16.6074,956,680,0.2857,2061
25,2011-01-13,16.6074,17.5537,16.6074,16.9386,6650,693,1.9943,2061
26,2011-01-14,16.6547,17.0805,16.9386,16.8439,2580,689,-0.5587,2061
27,2011-01-17,16.6074,17.0805,16.8439,16.6074,3010,680,-1.4045,2061
28,2011-01-18,16.7493,17.1278,16.7493,17.0805,5380,699,2.849,2061
29,2011-01-19,17.0332,17.4117,17.1751,17.1278,2539,701,0.277,2061
30,2011-01-20,16.8439,17.2698,17.1751,17.1278,1770,701,0.0,2061
31,2011-01-21,16.9386,17.601,17.1751,17.601,9249,720,2.7624,2061
32,2011-01-24,17.601,18.2161,17.601,17.9795,5207,736,2.1505,2061
33,2011-01-25,17.601,18.0741,17.9795,17.601,2327,720,-2.1053,2061
34,2011-01-26,17.2225,17.601,17.5537,17.601,901,720,0.0,2061
35,2011-01-27,17.3171,17.5537,17.4117,17.5537,974,718,-0.2688,2061
36,2011-01-28,17.2225,17.459,17.459,17.3171,1095,709,-1.3477,2061
37,2011-02-08,17.2225,17.5063,17.4117,17.5063,1322,716,1.0929,2061
38,2011-02-09,17.2225,17.5063,17.5063,17.2225,311,705,-1.6216,2061
39,2011-02-10,17.2225,17.3171,17.3171,17.2225,73,705,0.0,2061
40,2011-02-11,16.8439,17.3171,17.2225,17.0332,1097,697,-1.0989,2061
41,2011-02-14,16.9386,17.2225,17.1278,16.9386,271,693,-0.5556,2061
42,2011-02-15,16.9386,17.1278,16.9386,17.0332,844,697,0.5587,2061
43,2011-02-16,17.0805,17.3171,17.1278,17.3171,582,709,1.6667,2061
44,2011-02-17,17.2225,17.6956,17.4117,17.2698,403,707,-0.2732,2061
45,2011-02-18,17.1278,17.3171,17.3171,17.1278,672,701,-0.8219,2061
46,2011-02-21,16.9386,17.1278,17.1278,16.9859,1150,695,-0.8287,2061
47,2011-02-22,16.8439,17.1278,17.0332,16.9386,824,693,-0.2786,2061
48,2011-02-23,15.803,17.1751,15.803,16.6547,469,681,-1.676,2061
49,2011-02-24,16.6547,16.9386,16.9386,16.702,318,683,0.2841,2061
50,2011-02-25,16.0869,16.702,16.702,16.5601,1230,678,-0.8499,2061
51,2011-03-01,16.3708,16.5601,16.4654,16.5127,1323,676,-0.2857,2061
52,2011-03-02,16.3235,16.4181,16.3235,16.3235,328,668,-1.1461,2061
53,2011-03-03,16.0869,17.4117,16.2762,17.4117,1260,712,6.6667,2061
54,2011-03-04,16.6547,17.4117,17.4117,16.8439,1046,689,-3.2609,2061
55,2011-03-07,16.6547,16.8439,16.8439,16.8439,248,689,0.0,2061
56,2011-03-08,16.5601,16.7493,16.7493,16.7493,158,685,-0.5618,2061
57,2011-03-09,16.3708,16.6547,16.6547,16.6547,348,681,-0.565,2061
58,2011-03-10,16.3235,16.6074,16.6074,16.6074,296,680,-0.2841,2061
59,2011-03-11,16.3708,17.3171,16.6547,16.702,368,683,0.5698,2061
60,2011-03-14,16.5601,17.3171,16.702,16.8913,407,691,1.1331,2061
61,2011-03-15,15.945,16.6547,16.5601,15.945,1092,652,-5.6022,2061
62,2011-03-16,15.803,16.3708,15.9923,16.3708,522,670,2.6706,2061
63,2011-03-17,16.0869,16.3708,16.0869,16.3708,544,670,0.0,2061
64,2011-03-18,16.0869,16.4181,16.3708,16.3708,154,670,0.0,2061
65,2011-03-21,16.0869,16.4181,16.4181,16.2762,68,666,-0.578,2061
66,2011-03-22,15.9923,16.2762,16.2762,15.9923,728,654,-1.7442,2061
67,2011-03-23,15.8977,16.2762,16.0869,15.945,421,652,-0.2959,2061
68,2011-03-24,15.945,16.6547,16.0869,16.5601,939,678,3.8576,2061
69,2011-03-25,15.803,16.5601,16.5601,16.0869,1604,658,-2.8571,2061
70,2011-03-28,15.803,16.0869,16.0869,16.0869,101,658,0.0,2061
71,2011-03-29,15.7557,16.0869,16.0869,16.0396,743,656,-0.2941,2061
72,2011-03-30,16.0396,16.0396,16.0396,16.0396,171,656,0.0,2061
73,2011-03-31,15.803,16.0396,16.0396,15.803,117,647,-1.4749,2061
74,2011-04-01,15.7084,16.0869,15.9923,16.0869,338,658,1.7964,2061
75,2011-04-06,15.8977,16.0869,15.9923,15.9923,727,654,-0.5882,2061
76,2011-04-07,16.0869,16.4181,16.0869,16.1342,2355,660,0.8876,2061
77,2011-04-08,15.803,16.2762,15.803,16.2762,1123,666,0.8798,2061
78,2011-04-11,16.2762,16.2762,16.2762,16.2762,120,666,0.0,2061
79,2011-04-12,15.9923,16.2762,16.2762,16.1815,526,662,-0.5814,2061
80,2011-04-13,16.0396,16.3235,16.3235,16.2289,205,664,0.2924,2061
81,2011-04-14,15.9923,16.1815,16.0869,16.0869,814,658,-0.8746,2061
82,2011-04-15,16.0396,16.1815,16.1815,16.0869,884,658,0.0,2061
83,2011-04-18,16.2762,16.9386,16.2762,16.6547,2674,681,3.5294,2061
84,2011-04-19,15.945,16.2762,16.2762,15.945,1376,652,-4.2614,2061
85,2011-04-20,15.8977,16.0869,16.0869,15.9923,778,654,0.2967,2061
86,2011-04-21,15.8977,16.1815,16.0869,16.1815,389,662,1.1834,2061
87,2011-04-22,15.945,16.1815,16.1815,15.9923,288,654,-1.1696,2061
88,2011-04-25,15.9923,16.1815,16.1342,15.9923,186,654,0.0,2061
89,2011-04-26,15.9923,16.1342,16.0869,16.1342,119,660,0.8876,2061
90,2011-04-27,15.945,16.1342,15.945,15.9923,576,654,-0.8798,2061
91,2011-04-28,15.9923,16.0869,16.0869,15.9923,949,654,0.0,2061
92,2011-04-29,15.945,16.0869,15.9923,15.945,389,652,-0.2959,2061
93,2011-05-03,15.9923,16.2289,16.1815,15.9923,1325,654,0.2967,2061
94,2011-05-04,16.0869,16.2762,16.0869,16.0869,836,658,0.5917,2061
95,2011-05-05,16.0869,16.5601,16.0869,16.5601,2036,678,2.9412,2061
96,2011-05-06,16.3235,16.6074,16.4654,16.4654,1026,674,-0.5714,2061
97,2011-05-09,16.2289,16.5601,16.5601,16.2762,464,666,-1.1494,2061
98,2011-05-10,16.1342,16.4181,16.1815,16.2289,463,664,-0.2907,2061
99,2011-05-11,16.0869,16.3708,16.2289,16.2289,1180,664,0.0,2061
100,2011-05-12,16.0869,16.3708,16.2289,16.2762,634,666,0.2915,2061
101,2011-05-13,16.0869,16.3235,16.0869,16.2289,308,664,-0.2907,2061
102,2011-05-16,16.0869,16.2289,16.2289,16.0869,973,658,-0.8746,2061
103,2011-05-17,16.1342,16.4181,16.1815,16.4181,1364,672,2.0588,2061
104,2011-05-18,16.2289,16.4654,16.4181,16.2762,605,666,-0.8646,2061
105,2011-05-19,16.2762,16.6547,16.3708,16.4181,1603,672,0.8721,2061
106,2011-05-20,16.3235,16.702,16.4654,16.6074,2724,680,1.1527,2061
107,2011-05-23,16.2762,17.7429,16.6074,17.0332,17936,697,2.5641,2061
108,2011-05-24,16.4654,17.0332,17.0332,16.5601,8584,678,-2.7778,2061
109,2011-05-25,16.3708,16.5601,16.5601,16.4654,2713,674,-0.5714,2061
110,2011-05-26,16.5601,16.9386,16.5601,16.5601,4215,678,0.5747,2061
111,2011-05-27,16.5601,16.8439,16.6547,16.7493,2814,685,1.1429,2061
112,2011-05-30,16.9386,17.8849,16.9859,17.8849,17733,732,6.7797,2061
113,2011-05-31,17.4117,18.0268,17.8849,17.7429,9976,726,-0.7937,2061
114,2011-06-01,17.2225,17.7429,17.4117,17.5063,5105,716,-1.3333,2061
115,2011-06-02,17.0332,17.4117,17.0332,17.3644,4010,711,-0.8108,2061
116,2011-06-03,17.1278,17.459,17.459,17.3171,3212,709,-0.2725,2061
117,2011-06-07,17.3171,17.6956,17.3171,17.6956,3227,724,2.1858,2061
118,2011-06-08,17.3171,17.7902,17.6956,17.4117,2414,712,-1.6043,2061
119,2011-06-09,17.0332,17.3171,17.3171,17.0805,3657,699,-1.9022,2061
120,2011-06-10,16.702,17.2225,17.0805,16.7966,2964,687,-1.662,2061
121,2011-06-13,16.2762,16.7966,16.2762,16.4181,1944,672,-2.2535,2061
122,2011-06-14,16.4181,16.5601,16.5601,16.4654,1791,674,0.2882,2061
123,2011-06-15,16.4654,16.8913,16.5601,16.8913,2449,691,2.5862,2061
124,2011-06-16,16.5127,16.7966,16.5601,16.7966,1407,687,-0.5602,2061
125,2011-06-17,16.5601,16.9859,16.7966,16.9859,1274,695,1.1268,2061
126,2011-06-20,16.6074,17.1278,17.1278,16.7493,2447,685,-1.3928,2061
127,2011-06-21,16.2762,16.7493,16.6547,16.3708,4169,670,-2.2599,2061
128,2011-06-22,16.5601,17.1278,17.1278,16.6547,2091,681,1.7341,2061
129,2011-06-23,16.4181,16.702,16.6547,16.4181,976,672,-1.4205,2061
130,2011-06-24,16.4654,16.702,16.5601,16.4654,418,674,0.2882,2061
131,2011-06-27,16.4654,16.6547,16.4654,16.4654,609,674,0.0,2061
132,2011-06-28,16.2289,16.6074,16.6074,16.4654,1161,674,0.0,2061
133,2011-06-29,16.3708,16.4654,16.4654,16.4181,521,672,-0.2874,2061
134,2011-06-30,16.4654,16.5601,16.4654,16.5601,541,678,0.8646,2061
135,2011-07-01,16.6074,16.8439,16.6547,16.6547,2278,681,0.5714,2061
136,2011-07-04,16.6547,16.8913,16.8439,16.6547,1613,681,0.0,2061
137,2011-07-05,16.702,17.2698,16.7966,17.0332,3751,697,2.2727,2061
138,2011-07-06,17.0833,17.2336,17.1334,17.1334,2804,662,0.5556,2061
139,2011-07-07,17.0332,17.3338,17.3338,17.2336,1534,666,0.5848,2061
140,2011-07-08,17.1835,17.2336,17.2336,17.2336,171,666,0.0,2061
141,2011-07-11,17.0332,17.2837,17.2336,17.2336,1133,666,0.0,2061
142,2011-07-12,16.933,17.1835,16.933,16.9831,797,656,-1.4535,2061
143,2011-07-13,16.8829,17.1334,16.8829,16.9831,833,656,0.0,2061
144,2011-07-14,16.7827,17.0833,17.0332,16.8328,793,650,-0.885,2061
145,2011-07-15,16.7827,17.0833,16.8328,16.7827,555,649,-0.2976,2061
146,2011-07-18,16.8829,17.0332,16.9831,16.933,388,654,0.8955,2061
147,2011-07-19,16.8328,17.0332,16.933,16.8328,1043,650,-0.5917,2061
148,2011-07-20,16.8328,16.8328,16.8328,16.8328,554,650,0.0,2061
149,2011-07-21,16.7326,17.0332,16.8328,16.933,1528,654,0.5952,2061
150,2011-07-22,16.8829,17.0332,16.933,17.0332,456,658,0.5917,2061
151,2011-07-25,16.6324,16.9831,16.9831,16.6324,1552,643,-2.3529,2061
152,2011-07-26,16.6324,16.8829,16.8829,16.6324,698,643,0.0,2061
153,2011-07-27,16.6324,16.8829,16.8328,16.7326,401,647,0.6024,2061
154,2011-07-28,16.7326,17.0332,16.7326,16.933,975,654,1.1976,2061
155,2011-07-29,16.7326,16.7827,16.7827,16.7827,468,649,-0.8876,2061
156,2011-08-01,16.8829,17.0833,16.8829,17.0332,1067,658,1.4925,2061
157,2011-08-02,16.8829,17.0332,17.0332,16.8829,609,652,-0.8824,2061
158,2011-08-03,16.6825,16.9831,16.7827,16.9831,1018,656,0.5935,2061
159,2011-08-04,16.8829,16.9831,16.9831,16.933,693,654,-0.295,2061
160,2011-08-05,15.881,16.2317,15.881,15.9812,875,618,-5.6213,2061
161,2011-08-08,15.5303,16.2317,16.2317,16.2317,1224,627,1.5674,2061
162,2011-08-09,15.8309,16.0313,16.0313,15.8309,506,612,-2.4691,2061
163,2011-08-10,15.881,16.2317,16.2317,16.2317,829,627,2.5316,2061
164,2011-08-11,15.7808,16.0313,15.881,16.0313,412,619,-1.2346,2061
165,2011-08-12,15.881,16.1816,16.1816,15.881,1037,614,-0.9375,2061
166,2011-08-15,16.0313,16.432,16.2317,16.0313,2425,619,0.9464,2061
167,2011-08-16,16.432,17.1334,16.432,17.1334,3183,662,6.875,2061
168,2011-08-17,17.8348,18.2857,17.8348,18.2857,16338,707,6.7251,2061
169,2011-08-18,18.3358,19.5381,18.3859,19.5381,17882,755,6.8493,2061
170,2011-08-19,19.3377,20.8907,19.6383,20.8907,21325,807,6.9231,2061
171,2011-08-22,21.3416,22.3436,21.7925,22.3436,11605,864,6.9544,2061
172,2011-08-23,23.5459,23.8966,23.8966,23.8966,22303,924,6.9507,2061
173,2011-08-24,24.6982,25.5498,25.5498,25.5498,16054,988,6.9182,2061
174,2011-08-25,26.9526,27.3032,27.3032,27.3032,20184,1055,6.8627,2061
175,2011-08-26,25.3995,29.207,29.207,25.3995,22175,982,-6.9725,2061
176,2011-08-29,23.6461,23.6461,23.6461,23.6461,1770,914,-6.9034,2061
177,2011-08-30,21.9929,25.2492,21.9929,24.8485,28861,960,5.0847,2061
178,2011-08-31,23.1451,23.9467,23.1451,23.9467,14948,926,-3.629,2061
179,2011-09-01,23.5459,25.5999,23.5459,25.5999,10776,990,6.9038,2061
180,2011-09-02,25.0489,27.0027,25.5999,26.0508,11543,1007,1.7613,2061
181,2011-09-05,26.0508,27.8543,27.0528,27.8543,15244,1077,6.9231,2061
182,2011-09-06,27.5537,29.5576,28.0547,29.0567,17068,1123,4.3165,2061
183,2011-09-07,27.0528,29.0567,27.8543,27.7541,10233,1073,-4.4828,2061
184,2011-09-08,27.7541,28.5557,27.7541,27.9545,5043,1081,0.722,2061
185,2011-09-09,28.0547,29.0567,28.0547,28.5557,4908,1104,2.1505,2061
186,2011-09-13,26.9526,28.5557,28.5557,27.2531,5908,1053,-4.5614,2061
187,2011-09-14,26.5518,27.8543,27.8543,27.153,7205,1050,-0.3676,2061
188,2011-09-15,27.153,27.8543,27.8543,27.153,3671,1050,0.0,2061
189,2011-09-16,26.8524,27.6539,26.8524,27.153,3217,1050,0.0,2061
190,2011-09-19,26.6019,28.0547,26.9526,28.0547,6252,1084,3.321,2061
191,2011-09-20,28.0547,29.0567,28.0547,28.8563,4231,1115,2.8571,2061
192,2011-09-21,28.8563,29.5576,28.8563,29.2571,4966,1131,1.3889,2061
193,2011-09-22,27.5537,28.9565,28.9565,28.6559,2133,1108,-2.0548,2061
194,2011-09-23,27.3533,28.3553,27.5537,28.0547,1626,1084,-2.0979,2061
195,2011-09-26,26.5518,28.4555,28.4555,27.153,2553,1050,-3.2143,2061
196,2011-09-27,27.0528,28.0547,28.0547,27.0528,1686,1046,-0.369,2061
197,2011-09-28,26.8524,27.6539,27.6539,27.0528,1135,1046,0.0,2061
198,2011-09-29,26.0508,27.5036,26.8524,27.0528,2962,1046,0.0,2061
199,2011-09-30,26.0508,27.0528,27.0528,26.151,1732,1011,-3.3333,2061
200,2011-10-03,25.0489,26.9526,26.9526,25.149,4997,972,-3.8314,2061
201,2011-10-04,24.5479,25.0489,25.0489,24.9487,2739,964,-0.7968,2061
202,2011-10-05,25.0489,25.65,25.0489,25.65,380,991,2.8112,2061
203,2011-10-06,23.8966,26.0508,26.0508,26.0508,2111,1007,1.5625,2061
204,2011-10-07,25.5498,26.0508,26.0508,25.5498,1217,988,-1.9231,2061
205,2011-10-11,25.3494,26.3013,26.3013,25.3494,131,980,-0.7843,2061
206,2011-10-12,24.6481,25.3494,25.3494,24.6481,1251,953,-2.7668,2061
207,2011-10-13,24.7483,25.9506,24.7483,25.9506,1190,1003,5.2846,2061
208,2011-10-14,25.0489,26.9526,25.9506,25.9506,465,1003,0.0,2061
209,2011-10-17,24.7483,25.9506,24.7483,25.0489,1481,968,-3.4749,2061
210,2011-10-18,24.0469,24.8485,24.8485,24.8485,594,960,-0.8,2061
211,2011-10-19,23.6461,25.0489,23.6461,25.0489,507,968,0.8065,2061
212,2011-10-20,24.5479,25.0489,25.0489,24.9487,123,964,-0.4,2061
213,2011-10-21,24.9487,24.9487,24.9487,24.9487,0,964,0.0,2061
214,2011-10-24,24.1471,25.0489,25.0489,24.9487,632,964,0.0,2061
215,2011-10-25,24.3976,24.9487,24.3976,24.8986,980,962,-0.2008,2061
216,2011-10-26,24.1471,24.7984,24.5479,24.5479,1251,949,-1.4085,2061
217,2011-10-27,24.3475,24.7483,24.7483,24.3475,639,941,-0.8163,2061
218,2011-10-28,24.3475,24.7483,24.7483,24.3475,491,941,0.0,2061
219,2011-10-31,24.0469,24.5479,24.5479,24.3475,1751,941,0.0,2061
220,2011-11-01,24.5479,26.0508,24.5479,26.0508,6567,1007,6.9959,2061
221,2011-11-02,26.0508,26.7522,26.0508,26.5518,6074,1026,1.9231,2061
222,2011-11-03,26.0508,26.7522,26.5518,26.0508,2442,1007,-1.8868,2061
223,2011-11-04,25.7502,26.4516,26.0508,26.0508,2103,1007,0.0,2061
224,2011-11-07,26.0007,26.5518,26.0508,26.4516,1705,1022,1.5385,2061
225,2011-11-08,26.151,26.8023,26.151,26.8023,608,1036,1.3258,2061
226,2011-11-09,26.0508,26.7522,26.0508,26.3013,2847,1017,-1.8692,2061
227,2011-11-10,25.0989,26.0508,25.9506,25.5498,1562,988,-2.8571,2061
228,2011-11-11,24.6481,26.0508,25.3494,25.5498,2619,988,0.0,2061
229,2011-11-14,25.0489,25.8504,25.5498,25.149,2979,972,-1.5686,2061
230,2011-11-15,24.7483,25.0489,25.0489,24.7483,2115,957,-1.5936,2061
231,2011-11-16,24.7483,25.2492,25.2492,24.9487,1192,964,0.8097,2061
232,2011-11-17,24.9487,25.3494,24.9487,25.3494,777,980,1.6064,2061
233,2011-11-18,25.0489,25.4496,25.0489,25.4496,554,984,0.3953,2061
234,2011-11-21,25.1991,26.0508,25.3494,25.4496,2219,984,0.0,2061
235,2011-11-22,25.149,26.8524,25.4496,26.0508,5362,1007,2.3622,2061
236,2011-11-23,25.9506,26.652,25.9506,26.2011,3805,1013,0.5769,2061
237,2011-11-24,26.2011,26.652,26.3013,26.2512,3186,1015,0.1912,2061
238,2011-11-25,26.0508,26.8023,26.2512,26.5017,3056,1024,0.9542,2061
239,2011-11-28,26.652,28.3553,26.652,28.3553,5168,1096,6.9943,2061
240,2011-11-29,29.9083,30.3091,30.1588,30.3091,14093,1172,6.8905,2061
241,2011-11-30,28.8062,31.8621,29.9584,30.6598,12362,1198,1.157,2061
242,2011-12-01,28.5557,31.261,31.0606,30.6598,9062,1198,0.0,2061
243,2011-12-02,29.4574,30.259,29.758,30.1588,2171,1179,-1.634,2061
244,2011-12-05,28.5557,29.7079,28.6559,28.8062,4413,1126,-4.485,2061
245,2011-12-06,27.0528,28.3553,28.2551,27.0528,5363,1057,-6.087,2061
246,2011-12-07,26.652,27.6539,26.652,27.5537,1754,1077,1.8519,2061
247,2011-12-08,26.7522,27.5537,27.0528,27.153,1812,1061,-1.4545,2061
248,2011-12-09,27.0528,28.0547,27.153,27.5537,3046,1077,1.476,2061
249,2011-12-12,27.5537,27.9545,27.5537,27.7541,1418,1085,0.7273,2061
250,2011-12-13,27.5537,27.7541,27.7541,27.5537,2515,1077,-0.722,2061
251,2011-12-14,27.8543,29.4574,27.8543,29.4574,9275,1151,6.9091,2061
252,2011-12-15,27.7541,29.2571,28.5557,28.4555,3868,1112,-3.4014,2061
253,2011-12-16,27.5537,28.5557,27.5537,28.5557,790,1116,0.3521,2061
254,2011-12-19,27.8543,29.2571,28.5557,29.0567,1461,1135,1.7544,2061
255,2011-12-20,28.8563,29.4073,29.4073,29.2571,1719,1143,0.6897,2061
256,2011-12-21,29.0567,30.0586,30.0586,29.0567,2312,1135,-0.6849,2061
257,2011-12-22,28.9565,29.5576,29.0567,29.0567,1891,1135,0.0,2061
258,2011-12-23,28.6058,29.2571,29.2571,28.8563,1499,1128,-0.6897,2061
259,2011-12-26,28.7561,29.0567,29.0567,28.8062,1266,1126,-0.1736,2061
260,2011-12-27,28.5557,29.0567,29.0567,28.5557,577,1116,-0.8696,2061
261,2011-12-28,28.0547,28.5557,28.0547,28.3553,709,1108,-0.7018,2061
262,2011-12-29,28.0547,28.5557,28.0547,28.5557,589,1116,0.7067,2061
263,2011-12-30,28.0547,29.0567,29.0567,28.1048,674,1118,-1.5789,2061
264,2012-01-02,27.8042,28.8563,28.8563,27.8042,364,1106,-1.0695,2061
265,2012-01-03,27.9044,28.4054,28.4054,27.9044,225,1110,0.3604,2061
266,2012-01-04,27.5537,28.4555,27.704,28.4555,477,1132,1.9749,2061
267,2012-01-05,27.7541,28.4555,28.4555,27.7541,950,1104,-2.4648,2061
268,2012-01-06,27.6539,29.3573,27.6539,28.1048,818,1118,1.2635,2061
269,2012-01-09,28.1048,28.5557,28.1048,28.3052,1096,1126,0.713,2061
270,2012-01-10,27.6539,28.5557,28.5557,27.8543,787,1108,-1.5929,2061
271,2012-01-11,27.704,27.8543,27.8543,27.7541,1080,1104,-0.3597,2061
272,2012-01-12,26.5518,27.9545,27.6539,27.7541,2250,1104,0.0,2061
273,2012-01-13,27.5537,27.7541,27.7541,27.5537,110,1096,-0.722,2061
274,2012-01-16,27.4535,28.3553,27.5537,27.7541,2138,1104,0.7273,2061
275,2012-01-17,28.0547,28.5557,28.0547,28.1549,928,1120,1.444,2061
276,2012-01-18,27.5537,28.1549,28.1549,28.0547,1305,1116,-0.3559,2061
277,2012-01-30,28.4555,30.0085,28.9565,29.8582,17777,1187,6.4286,2061
278,2012-01-31,29.2571,29.8081,29.8081,29.3573,6280,1169,-1.6779,2061
279,2012-02-01,28.8563,29.4574,29.3573,29.2571,6304,1165,-0.3413,2061
280,2012-02-02,28.6559,29.6578,29.6578,29.2571,3607,1165,0.0,2061
281,2012-02-03,28.9565,29.5576,29.2571,29.4574,3442,1173,0.6849,2061
282,2012-02-04,28.8563,29.5576,29.3573,29.5576,3446,1177,0.3401,2061
283,2012-02-06,29.4574,29.9584,29.5075,29.8081,5436,1187,0.8475,2061
284,2012-02-07,29.6578,30.0586,29.9083,30.0586,8121,1197,0.8403,2061
285,2012-02-08,30.259,30.8602,30.5596,30.8602,11619,1228,2.6667,2061
286,2012-02-09,30.9604,32.8641,31.5616,32.6637,21147,1300,5.8442,2061
287,2012-02-10,32.4633,33.6657,32.4633,33.6156,14053,1338,2.9141,2061
288,2012-02-13,33.2649,34.1165,33.2649,34.0664,10590,1356,1.3413,2061
289,2012-02-14,33.0645,34.1165,34.0664,33.0645,4434,1316,-2.9412,2061
290,2012-02-15,32.8641,33.7658,33.0645,33.1647,5286,1320,0.303,2061
291,2012-02-16,32.1627,33.3651,33.3651,32.2128,7467,1282,-2.8701,2061
292,2012-02-17,31.0606,32.5635,32.5635,31.5616,2609,1256,-2.0218,2061
293,2012-02-20,31.7619,32.4633,31.7619,32.1627,4487,1280,1.9048,2061
294,2012-02-21,32.1627,32.9643,32.2629,32.9142,3886,1310,2.3364,2061
295,2012-02-22,32.9142,33.3651,33.0645,33.2649,2449,1324,1.0654,2061
296,2012-02-23,31.7619,33.2649,33.2649,32.4633,3341,1292,-2.4096,2061
297,2012-02-24,31.5616,32.4633,32.4633,32.0625,2664,1276,-1.2346,2061
298,2012-02-29,30.0586,32.5635,32.5635,32.4633,6454,1299,1.25,2061
299,2012-03-01,31.4614,32.0625,32.0625,31.5616,2973,1263,-2.7778,2061
300,2012-03-02,30.5596,31.5616,31.5616,30.9103,2274,1237,-2.0635,2061
301,2012-03-03,30.0586,30.6598,30.0586,30.259,2142,1211,-2.107,2061
302,2012-03-05,30.259,31.9623,30.259,30.5596,7992,1223,0.9934,2061
303,2012-03-06,30.5596,32.6637,32.6637,31.0606,4021,1243,1.6393,2061
304,2012-03-07,30.0586,31.5616,30.5596,30.76,7852,1231,-0.9677,2061
305,2012-03-08,30.76,31.1107,31.0606,30.8602,2349,1235,0.3257,2061
306,2012-03-09,30.6598,31.261,30.9103,30.6598,1829,1227,-0.6494,2061
307,2012-03-12,30.0586,30.8101,30.76,30.1588,5372,1207,-1.634,2061
308,2012-03-13,30.6097,31.5115,30.6598,31.3111,3960,1253,3.8206,2061
309,2012-03-14,31.0606,31.1107,31.0606,31.0606,868,1243,-0.8,2061
310,2012-03-15,30.6598,31.0606,30.7099,31.0606,1084,1243,0.0,2061
311,2012-03-16,30.8602,31.5616,31.0606,31.0606,497,1243,0.0,2061
312,2012-03-19,31.0606,32.0625,32.0625,31.0606,1068,1243,0.0,2061
313,2012-03-20,30.5596,30.8602,30.5596,30.76,436,1231,-0.9677,2061
314,2012-03-21,30.4594,31.0105,30.5596,30.5596,1190,1223,-0.6515,2061
315,2012-03-22,30.3592,30.6598,30.5596,30.6598,213,1227,0.3279,2061
316,2012-03-23,30.259,30.5596,30.259,30.5596,608,1223,-0.3268,2061
317,2012-03-26,30.259,30.3592,30.259,30.259,272,1211,-0.9836,2061
318,2012-03-27,29.6578,30.6598,30.3592,29.8582,1020,1195,-1.3245,2061
319,2012-03-28,29.0567,30.2089,29.0567,30.2089,691,1209,1.1745,2061
320,2012-03-29,29.0567,30.4594,30.2089,29.8582,887,1195,-1.1609,2061
321,2012-03-30,29.1569,30.1588,30.1588,30.0586,680,1209,0.6711,2061
322,2012-04-02,29.0567,30.5095,30.5095,30.0085,591,1207,-0.1667,2061
323,2012-04-03,29.0567,30.0085,30.0085,29.5576,816,1189,-1.5025,2061
324,2012-04-05,27.5036,29.0066,27.5036,28.7561,2875,1157,-2.7119,2061
325,2012-04-06,29.0567,29.3072,29.0567,29.1569,2390,1173,1.3937,2061
326,2012-04-09,28.1549,29.3072,29.3072,29.0066,1216,1167,-0.5155,2061
327,2012-04-10,28.5557,29.0066,29.0066,28.8563,574,1161,-0.5181,2061
328,2012-04-11,27.7541,28.8563,27.7541,28.8563,594,1161,0.0,2061
329,2012-04-12,28.706,29.1068,29.1068,28.8563,344,1161,0.0,2061
330,2012-04-13,28.0547,29.0567,28.8563,28.7561,456,1157,-0.3472,2061
331,2012-04-16,27.7541,29.0066,28.0547,28.4555,794,1145,-1.0453,2061
332,2012-04-17,27.6539,28.4054,28.0547,28.4054,867,1143,-0.1761,2061
333,2012-04-18,27.6539,28.6058,28.5557,28.3553,1018,1141,-0.1764,2061
334,2012-04-19,27.0528,28.7561,27.6539,28.7561,1448,1157,1.4134,2061
335,2012-04-20,27.0528,28.0046,27.5537,27.5537,955,1108,-4.1812,2061
336,2012-04-23,28.2551,28.2551,28.2551,28.2551,84,1136,2.5455,2061
337,2012-04-24,27.0528,27.0528,27.0528,27.0528,27,1088,-4.2553,2061
338,2012-04-25,28.0046,28.0046,28.0046,28.0046,57,1126,3.5185,2061
339,2012-04-26,28.0046,28.0046,28.0046,28.0046,0,1126,0.0,2061
340,2012-04-27,27.5537,27.9545,27.5537,27.9545,110,1124,-0.1789,2061
341,2012-04-30,27.9545,27.9545,27.9545,27.9545,0,1126,0.0,2061
342,2012-05-02,27.2531,27.3533,27.2531,27.3533,81,1101,-2.1505,2061
343,2012-05-03,27.3533,27.3533,27.3533,27.3533,81,1101,0.0,2061
344,2012-05-04,27.0528,27.3533,27.3533,27.0528,135,1089,-1.0989,2061
345,2012-05-07,27.0528,27.5537,27.153,27.5537,873,1109,1.8519,2061
346,2012-05-08,27.1029,27.9545,27.5537,27.5036,2170,1107,-0.1818,2061
347,2012-05-09,27.0528,27.5537,27.4535,27.4535,1365,1105,-0.1821,2061
348,2012-05-10,27.2531,28.1549,27.2531,28.1549,3634,1134,2.5547,2061
349,2012-05-11,28.1048,28.6058,28.1549,28.4555,1783,1146,1.0676,2061
350,2012-05-14,27.7541,28.7561,28.4555,27.7541,1221,1118,-2.4648,2061
351,2012-05-15,27.6038,27.9545,27.6539,27.9545,526,1126,0.722,2061
352,2012-05-16,27.4535,28.1549,27.9545,27.9545,698,1126,0.0,2061
353,2012-05-17,27.0528,28.1549,27.0528,28.1549,1371,1134,0.7168,2061
354,2012-05-18,27.5036,28.2551,28.1549,27.8543,556,1122,-1.0676,2061
355,2012-05-21,27.8543,28.5056,27.8543,28.0547,621,1130,0.7194,2061
356,2012-05-22,28.0547,28.2551,28.1549,28.0547,589,1130,0.0,2061
357,2012-05-23,27.9545,28.0547,28.0547,28.0046,419,1128,-0.1786,2061
358,2012-05-24,27.9545,28.0547,28.0046,28.0547,866,1130,0.1789,2061
359,2012-05-25,27.6539,28.0547,27.9545,27.9044,1276,1124,-0.5357,2061
360,2012-05-28,27.9044,27.9545,27.9044,27.9545,362,1126,0.1795,2061
361,2012-05-29,27.9545,28.5557,27.9545,28.4555,2457,1146,1.7921,2061
362,2012-05-30,28.4555,28.8563,28.4555,28.5557,1510,1150,0.3521,2061
363,2012-05-31,28.2551,28.5557,28.5557,28.2551,482,1138,-1.0526,2061
364,2012-06-01,27.8543,28.5557,28.2551,27.8543,845,1122,-1.4184,2061
365,2012-06-04,27.0528,28.0547,28.0547,27.8543,830,1122,0.0,2061
366,2012-06-05,27.7541,28.3553,27.8543,28.1549,977,1134,1.0791,2061
367,2012-06-06,28.1549,28.2551,28.1549,28.2551,337,1138,0.3559,2061
368,2012-06-07,28.0547,28.2551,28.0547,28.2551,420,1138,0.0,2061
369,2012-06-08,27.8543,28.3553,28.2551,28.3553,672,1142,0.3546,2061
370,2012-06-11,28.3553,28.4555,28.3553,28.4555,141,1146,0.3534,2061
371,2012-06-12,27.5537,28.3553,27.5537,28.3553,250,1142,-0.3521,2061
372,2012-06-13,27.8543,28.3553,28.3553,28.2551,676,1138,-0.3534,2061
373,2012-06-14,28.0547,28.2551,28.0547,28.0547,952,1130,-0.7092,2061
374,2012-06-15,28.0547,28.2551,28.0547,28.205,1319,1136,0.5357,2061
375,2012-06-18,28.1549,28.3052,28.205,28.205,563,1136,0.0,2061
376,2012-06-19,27.5537,28.2551,28.2551,28.1549,749,1134,-0.1776,2061
377,2012-06-20,27.704,28.2551,28.0547,28.0547,697,1130,-0.3559,2061
378,2012-06-21,27.9545,28.0547,28.0547,28.0547,167,1130,0.0,2061
379,2012-06-22,27.7541,27.9545,27.7541,27.9545,194,1126,-0.3571,2061
380,2012-06-25,27.6539,27.9545,27.9545,27.9545,83,1126,0.0,2061
381,2012-06-26,27.9545,28.5056,27.9545,28.0547,15788,1130,0.3584,2061
382,2012-06-27,27.9545,29.8582,29.8582,27.9545,15235,1126,-0.3571,2061
383,2012-06-28,27.9545,28.205,28.205,28.1048,8150,1132,0.5376,2061
384,2012-06-29,27.6539,28.8563,28.1048,28.8563,1524,1162,2.6738,2061
385,2012-07-02,28.6559,29.7079,28.8563,29.7079,1618,1196,2.9514,2061
386,2012-07-03,29.1068,29.9584,29.5075,29.9083,1805,1204,0.6745,2061
387,2012-07-04,29.5075,30.0085,29.9083,29.5075,1760,1188,-1.34,2061
388,2012-07-05,29.207,29.758,29.758,29.5075,542,1188,0.0,2061
389,2012-07-06,28.6058,29.5576,29.4574,29.5576,6725,1190,0.1698,2061
390,2012-07-09,28.8062,29.6578,29.5576,29.5576,593,1190,0.0,2061
391,2012-07-10,28.6559,29.5576,29.5576,28.6559,1042,1154,-3.0508,2061
392,2012-07-11,28.706,29.3573,29.0567,29.0567,783,1170,1.3986,2061
393,2012-07-12,29.0567,29.2571,29.2571,29.0567,349,1170,0.0,2061
394,2012-07-13,28.6559,29.0567,28.6559,29.0567,289,1170,0.0,2061
395,2012-07-16,28.8563,29.3072,29.0567,28.8563,872,1162,-0.6897,2061
396,2012-07-17,28.8563,29.1569,29.0567,28.8563,781,1162,0.0,2061
397,2012-07-18,28.8062,29.0066,28.9565,28.8062,491,1160,-0.1736,2061
398,2012-07-19,28.9565,29.0567,28.9565,29.0567,16445,1170,0.8696,2061
399,2012-07-20,29.0567,29.1569,29.0567,29.1569,6293,1174,0.3448,2061
400,2012-07-23,28.8563,29.0066,29.0066,28.9565,491,1166,-0.6873,2061
401,2012-07-24,28.4555,29.0066,28.8563,28.4555,518,1146,-1.7301,2061
402,2012-07-25,28.4555,28.5557,28.4555,28.4555,483,1146,0.0,2061
403,2012-07-26,28.3553,28.8062,28.8062,28.3553,399,1142,-0.3521,2061
404,2012-07-27,28.3553,28.7561,28.7561,28.3553,399,1142,0.0,2061
405,2012-07-30,28.6058,28.7561,28.7561,28.6058,114,1152,0.8834,2061
406,2012-07-31,28.2551,28.5557,28.5557,28.4054,913,1148,-0.7005,2061
407,2012-08-01,28.1549,28.4054,28.3553,28.1549,234,1138,-0.8818,2061
408,2012-08-03,28.1549,28.4555,28.4555,28.1549,735,1138,0.0,2061
409,2012-08-06,27.9545,28.2551,28.2551,27.9545,980,1129,-0.7117,2061
410,2012-08-07,27.8543,27.9545,27.9545,27.9044,501,1127,-0.1792,2061
411,2012-08-08,27.9044,27.9545,27.9545,27.9044,478,1127,0.0,2061
412,2012-08-09,27.4535,27.9044,27.9044,27.9044,1189,1127,0.0,2061
413,2012-08-10,27.8543,27.9044,27.8543,27.9044,695,1127,0.0,2061
414,2012-08-13,27.0528,28.0046,28.0046,27.9044,2400,1127,0.0,2061
415,2012-08-14,27.0528,27.8543,27.8543,27.8042,909,1123,-0.3591,2061
416,2012-08-15,27.3533,27.8042,27.8042,27.7541,1264,1121,-0.1802,2061
417,2012-08-16,27.8543,28.2551,27.8543,28.205,1679,1140,1.6245,2061
418,2012-08-17,27.8042,28.4555,28.4555,27.9545,925,1129,-0.8881,2061
419,2012-08-20,27.8543,27.9545,27.8543,27.9545,1057,1129,0.0,2061
420,2012-08-21,27.9545,28.0547,27.9545,28.0547,1675,1134,0.3584,2061
421,2012-08-22,28.0547,30.0085,28.0547,30.0085,5356,1213,6.9643,2061
422,2012-08-23,30.0586,32.0625,30.0586,31.8621,5929,1287,6.177,2061
423,2012-08-24,30.5596,32.9643,32.0625,31.5616,7046,1275,-0.9434,2061
424,2012-08-27,31.0606,31.7619,31.5616,31.5616,4457,1275,0.0,2061
425,2012-08-28,30.6598,31.4614,30.76,30.76,2128,1243,-2.5397,2061
426,2012-08-29,30.7099,31.1608,31.1608,30.7099,989,1241,-0.1629,2061
427,2012-08-30,30.76,31.3612,31.0606,30.9103,1080,1249,0.6525,2061
428,2012-08-31,30.6097,31.0606,31.0606,30.9604,400,1253,0.1621,2061
429,2012-09-03,30.6598,31.0105,30.9604,31.0105,2341,1255,0.1618,2061
430,2012-09-04,30.6097,31.0606,31.0606,30.6097,2058,1239,-1.2924,2061
431,2012-09-05,30.259,30.76,30.5596,30.5596,1735,1237,-0.1637,2061
432,2012-09-06,30.1588,30.7099,30.7099,30.1588,1668,1220,-1.3115,2061
433,2012-09-07,29.9584,30.3592,30.1588,30.0586,1952,1216,-0.3322,2061
434,2012-09-10,30.0586,30.1588,30.0586,30.0586,1592,1216,0.0,2061
435,2012-09-11,29.9584,31.0606,30.0586,31.0606,1724,1257,3.3333,2061
436,2012-09-12,30.1588,31.5616,31.1608,30.9604,2100,1253,-0.3226,2061
437,2012-09-13,30.8101,30.9604,30.9604,30.8602,677,1249,-0.3236,2061
438,2012-09-14,29.8582,30.76,30.5596,30.76,3064,1245,-0.3247,2061
439,2012-09-17,30.259,30.9103,30.76,30.6598,1471,1241,-0.3257,2061
440,2012-09-18,30.1588,30.6598,30.6598,30.6097,914,1239,-0.1634,2061
441,2012-09-19,30.0586,31.5616,31.5616,30.1087,1512,1218,-1.6367,2061
442,2012-09-20,30.0586,31.0606,31.0606,30.5095,1030,1235,1.3311,2061
443,2012-09-21,29.9584,30.259,29.9584,30.0586,1021,1216,-1.4778,2061
444,2012-09-24,29.5576,30.0586,30.0586,30.0586,509,1216,0.0,2061
445,2012-09-25,29.207,29.8582,29.5576,29.8081,886,1206,-0.8333,2061
446,2012-09-26,29.0567,29.5075,29.1068,29.0567,466,1176,-2.521,2061
447,2012-09-27,29.0567,30.0586,29.0567,29.6578,1522,1200,2.069,2061
448,2012-09-28,29.0567,29.5576,29.5576,29.0567,350,1181,-2.027,2061
449,2012-10-01,29.0567,29.0567,29.0567,29.0567,58,1181,0.0,2061
450,2012-10-02,28.7561,29.0567,29.0567,29.0567,810,1181,0.0,2061
451,2012-10-03,29.0567,29.0567,29.0567,29.0567,145,1181,0.0,2061
452,2012-10-04,28.8563,29.0567,29.0567,29.0567,405,1181,0.0,2061
453,2012-10-05,28.7561,29.1569,29.1569,28.7561,1303,1169,-1.0345,2061
454,2012-10-08,27.704,28.9565,28.9565,28.0547,2565,1141,-2.439,2061
455,2012-10-09,27.0528,28.0547,28.0547,28.0046,1021,1138,-0.1786,2061
456,2012-10-11,26.3013,27.4535,26.3013,27.4535,1390,1116,-1.9678,2061
457,2012-10-12,26.2512,27.0027,27.0027,26.6019,1246,1083,-3.1022,2061
458,2012-10-15,24.8986,27.0528,26.0508,26.5518,3866,1081,-0.1883,2061
459,2012-10-16,25.4496,26.5017,26.5017,25.4496,772,1036,-4.1509,2061
460,2012-10-17,25.3494,26.5017,26.2512,25.4496,889,1036,0.0,2061
461,2012-10-18,25.5498,25.7502,25.5498,25.5498,844,1040,0.3937,2061
462,2012-10-19,25.5498,25.7502,25.65,25.5498,230,1040,0.0,2061
463,2012-10-22,25.2492,25.65,25.5498,25.5498,640,1040,0.0,2061
464,2012-10-23,25.65,26.5518,25.65,26.0508,723,1060,1.9608,2061
465,2012-10-24,26.0508,26.2512,26.0508,26.2512,182,1069,0.7692,2061
466,2012-10-25,26.151,26.2512,26.2512,26.151,157,1065,-0.3817,2061
467,2012-10-26,25.0489,25.9005,25.9005,25.4496,637,1036,-2.682,2061
468,2012-10-29,23.7026,25.7459,25.4394,25.2862,771,1029,-0.6395,2061
469,2012-10-30,24.5199,25.184,24.5199,24.8775,462,1013,-1.6162,2061
470,2012-10-31,24.5199,25.5416,24.8775,25.4905,1398,1038,2.4641,2061
471,2012-11-01,25.3372,25.5416,25.4394,25.5416,447,1040,0.2004,2061
472,2012-11-02,25.5416,25.5416,25.5416,25.5416,50,1040,0.0,2061
473,2012-11-05,25.4905,25.4905,25.4905,25.4905,49,1038,-0.2,2061
474,2012-11-06,25.5416,26.5122,26.5122,25.5416,126,1040,0.2004,2061
475,2012-11-07,24.7753,25.6437,25.5416,25.3372,496,1031,-0.8,2061
476,2012-11-08,25.5416,25.5416,25.5416,25.5416,75,1040,0.8065,2061
477,2012-11-09,24.8264,25.5416,25.1329,25.5416,294,1040,0.0,2061
478,2012-11-12,24.5199,25.1329,25.1329,24.6221,243,1002,-3.6,2061
479,2012-11-13,25.1329,25.1329,25.1329,25.1329,73,1023,2.0747,2061
480,2012-11-14,25.2351,25.2351,25.2351,25.2351,24,1027,0.4065,2061
481,2012-11-15,23.7537,25.3372,25.3372,24.0091,379,977,-4.8583,2061
482,2012-11-16,24.8775,24.8775,24.8775,24.8775,48,1013,3.617,2061
483,2012-11-19,24.5199,24.5199,24.5199,24.5199,24,998,-1.4374,2061
484,2012-11-20,24.5199,25.1329,24.5199,25.1329,244,1023,2.5,2061
485,2012-11-21,24.9286,24.9286,24.9286,24.9286,24,1015,-0.813,2061
486,2012-11-22,23.2939,24.9286,24.9286,24.5199,305,998,-1.6393,2061
487,2012-11-23,24.0091,24.9286,24.0091,24.9286,146,1015,1.6667,2061
488,2012-11-26,25.6948,26.6654,26.6654,26.41,854,1075,5.9426,2061
489,2012-11-27,25.7459,26.5122,26.4611,26.5122,619,1079,0.3868,2061
490,2012-11-28,25.6437,26.4611,25.6437,26.1546,177,1065,-1.3487,2061
491,2012-11-29,25.0307,26.5122,26.5122,25.9502,333,1056,-0.7813,2061
492,2012-11-30,24.7242,26.1546,25.9502,26.0013,428,1061,0.1969,2061
493,2012-12-03,24.3667,25.4905,24.9286,24.9286,842,1017,-4.1257,2061
494,2012-12-04,24.4177,25.2351,24.9286,25.2351,464,1029,1.2295,2061
495,2012-12-05,24.5199,24.571,24.571,24.5199,817,1000,-2.834,2061
496,2012-12-06,23.7026,25.0307,24.9286,23.7026,189,967,-3.3333,2061
497,2012-12-07,23.7026,24.4177,24.4177,24.3667,542,994,2.8017,2061
498,2012-12-10,24.0091,24.3156,24.3156,24.2645,94,990,-0.4193,2061
499,2012-12-11,23.8047,24.1112,23.8047,23.9069,284,975,-1.4737,2061
500,2012-12-12,22.9874,25.0307,23.1407,25.0307,267,1021,4.7009,2061
501,2012-12-13,25.0307,25.0307,25.0307,25.0307,0,1021,0.0,2061
502,2012-12-14,23.3961,24.6732,23.3961,24.6732,120,1007,-1.4286,2061
503,2012-12-17,23.2939,24.2134,23.345,24.1112,415,984,-2.2774,2061
504,2012-12-18,23.1918,23.9069,23.1918,23.9069,3736,975,-0.8475,2061
505,2012-12-19,23.0896,23.8047,23.8047,23.5493,511,961,-1.4957,2061
506,2012-12-20,23.8047,23.9069,23.9069,23.8047,2666,971,1.0846,2061
507,2012-12-21,23.8047,23.8047,23.8047,23.8047,0,971,0.0,2061
508,2012-12-22,23.8047,24.4688,23.8047,24.4688,128,998,2.7897,2061
509,2012-12-24,22.8342,23.1918,23.1918,22.8342,1291,931,-6.6806,2061
510,2012-12-25,22.1701,22.8853,22.2723,22.8853,1394,934,0.2237,2061
511,2012-12-26,22.2723,22.3744,22.2723,22.3744,506,913,-2.2321,2061
512,2012-12-27,21.9658,23.9069,21.9658,23.7026,822,967,5.9361,2061
513,2012-12-28,23.3961,25.0307,23.3961,24.5199,476,1000,3.4483,2061
514,2013-01-02,23.5493,25.9502,25.5416,24.4177,434,996,-0.4167,2061
515,2013-01-03,24.5199,24.6221,24.6221,24.5199,72,1000,0.4184,2061
516,2013-01-04,23.1407,24.4177,23.1407,24.0091,1497,979,-2.0833,2061
517,2013-01-07,22.732,24.2134,22.732,24.2134,69,988,0.8511,2061
518,2013-01-08,22.9874,24.5199,22.9874,24.5199,530,1000,1.2658,2061
519,2013-01-09,22.9874,23.9069,22.9874,23.9069,319,975,-2.5,2061
520,2013-01-10,22.9363,23.7537,23.0385,23.7537,599,969,-0.641,2061
521,2013-01-11,23.2939,24.2134,23.2939,24.2134,499,988,1.9355,2061
522,2013-01-14,24.1623,24.4688,24.4688,24.2134,309,988,0.0,2061
523,2013-01-15,24.2134,24.2134,24.2134,24.2134,0,988,0.0,2061
524,2013-01-16,23.4982,24.3156,24.3156,23.9069,116,975,-1.2658,2061
525,2013-01-17,23.4982,24.4688,23.9069,23.6004,449,963,-1.2821,2061
526,2013-01-18,23.6004,23.6004,23.6004,23.6004,0,963,0.0,2061
527,2013-01-21,23.6004,23.6004,23.6004,23.6004,69,963,0.0,2061
528,2013-01-22,23.4982,23.6004,23.6004,23.4982,92,959,-0.4329,2061
529,2013-01-23,23.4982,23.4982,23.4982,23.4982,0,959,0.0,2061
530,2013-01-24,23.4982,23.4982,23.4982,23.4982,23,959,0.0,2061
531,2013-01-25,23.6515,23.958,23.958,23.7026,116,967,0.8696,2061
532,2013-01-28,23.7026,23.7026,23.7026,23.7026,0,967,0.0,2061
533,2013-01-29,22.2212,23.7026,22.2212,23.7026,276,967,0.0,2061
534,2013-01-30,22.3744,23.7026,22.3744,23.7026,552,967,0.0,2061
535,2013-01-31,22.6809,23.7537,23.7026,23.7537,249,969,0.2155,2061
536,2013-02-01,23.7537,24.5199,23.7537,24.5199,70,1000,3.2258,2061
537,2013-02-04,24.5199,24.5199,24.5199,24.5199,0,1000,0.0,2061
538,2013-02-05,24.3667,24.3667,24.3667,24.3667,0,994,-0.625,2061
539,2013-02-06,24.0091,24.5199,24.5199,24.0091,1488,979,-1.4675,2061
540,2013-02-18,22.9874,24.2134,24.2134,24.0091,137,979,0.0,2061
541,2013-02-19,22.8853,23.9069,22.8853,23.9069,114,975,-0.4255,2061
542,2013-02-20,23.0896,23.6004,23.1407,23.4982,458,959,-1.7094,2061
543,2013-02-21,23.1918,23.4982,23.2428,23.2939,868,950,-0.8696,2061
544,2013-02-22,22.4766,22.9874,22.4766,22.9874,67,938,-1.3158,2061
545,2013-02-23,22.9874,23.2939,23.2939,22.9874,249,938,0.0,2061
546,2013-02-25,23.4982,23.8047,23.8047,23.4982,46,959,2.2222,2061
547,2013-02-26,22.732,23.6004,23.6004,22.7831,112,929,-3.0435,2061
548,2013-02-27,22.7831,23.345,22.7831,23.345,523,952,2.4664,2061
549,2013-03-01,22.0168,23.345,23.345,23.1407,817,944,-0.8753,2061
550,2013-03-04,22.2723,22.8853,22.8853,22.4766,373,917,-2.8698,2061
551,2013-03-05,22.1701,22.7831,22.4766,22.7831,286,929,1.3636,2061
552,2013-03-06,22.2212,23.4982,23.4982,22.9363,308,936,0.6726,2061
553,2013-03-07,22.8342,22.8342,22.8342,22.8342,22,931,-0.4454,2061
554,2013-03-08,21.7614,23.2428,23.2428,22.8853,432,934,0.2237,2061
555,2013-03-11,22.3744,22.5788,22.4766,22.4255,241,915,-2.0089,2061
556,2013-03-12,21.5571,22.8853,22.8853,22.5788,2855,921,0.6834,2061
557,2013-03-13,21.8636,22.9874,22.9874,22.4766,3579,917,-0.4525,2061
558,2013-03-14,21.7614,22.3744,21.7614,22.3744,160,913,-0.4545,2061
559,2013-03-15,21.7103,22.3744,22.3233,21.7103,1812,886,-2.968,2061
560,2013-03-18,20.6376,21.4549,21.4549,20.6376,289,842,-4.9412,2061
561,2013-03-19,20.4333,21.2506,21.2506,20.4333,478,834,-0.9901,2061
562,2013-03-20,20.4333,20.8419,20.4333,20.4333,523,834,0.0,2061
563,2013-03-21,20.4333,21.2506,20.4333,21.2506,121,867,4.0,2061
564,2013-03-22,19.8713,20.9441,19.8713,20.9441,39,854,-1.4423,2061
565,2013-03-25,21.4549,21.4549,21.4549,21.4549,63,875,2.439,2061
566,2013-03-26,19.9735,21.0463,19.9735,20.5354,519,838,-4.2857,2061
567,2013-03-27,20.3822,20.7908,20.7908,20.4333,220,834,-0.4975,2061
568,2013-03-28,19.1562,20.4843,19.1562,20.3311,836,829,-0.5,2061
569,2013-03-29,19.5648,20.4333,20.2289,20.3311,533,831,0.0,2061
570,2013-04-01,19.9224,21.0973,19.9224,20.7398,242,847,2.0101,2061
571,2013-04-02,20.0246,20.7398,20.0757,20.6376,492,843,-0.4926,2061
572,2013-04-03,19.9224,20.3822,19.9224,20.3822,198,833,-1.2376,2061
573,2013-04-08,20.6376,20.6376,20.6376,20.6376,20,843,1.2531,2061
574,2013-04-09,20.6376,20.6376,20.6376,20.6376,0,843,0.0,2061
575,2013-04-10,19.9224,19.9224,19.9224,19.9224,39,814,-3.4653,2061
576,2013-04-11,19.9224,20.28,20.28,19.9224,98,814,0.0,2061
577,2013-04-12,18.5432,18.9008,18.9008,18.5432,746,757,-6.9231,2061
578,2013-04-15,17.2661,18.5432,18.5432,18.1345,622,741,-2.2039,2061
579,2013-04-16,16.9596,17.8791,17.3683,16.9596,1043,693,-6.4789,2061
580,2013-04-17,16.602,17.2661,17.2661,17.2661,235,705,1.8072,2061
581,2013-04-18,16.5509,17.3172,17.3172,16.5509,355,676,-4.142,2061
582,2013-04-19,16.3466,16.8574,16.8574,16.3466,442,668,-1.2346,2061
583,2013-04-22,16.5509,17.4704,17.3683,16.5509,349,676,1.25,2061
584,2013-04-23,16.5509,17.1129,16.5509,16.7553,164,684,1.2346,2061
585,2013-04-24,16.7553,16.7553,16.7553,16.7553,32,684,0.0,2061
586,2013-04-25,16.4488,16.5509,16.4488,16.4488,177,672,-1.8293,2061
587,2013-04-26,16.2444,16.3466,16.3466,16.2444,287,663,-1.2422,2061
588,2013-04-29,16.2444,16.3466,16.3466,16.3466,159,668,0.6289,2061
589,2013-04-30,16.1423,16.2444,16.2444,16.1423,31,659,-1.25,2061
590,2013-05-02,15.3249,16.1423,16.1423,15.3249,321,626,-5.0633,2061
591,2013-05-03,15.3249,15.7336,15.3249,15.6825,91,641,2.3333,2061
592,2013-05-06,15.6825,15.8358,15.6825,15.6825,231,641,0.0,2061
593,2013-05-07,15.3249,15.4782,15.3249,15.3249,105,626,-2.2801,2061
594,2013-05-08,15.2739,15.3249,15.3249,15.3249,134,626,0.0,2061
595,2013-05-09,15.3249,15.3249,15.3249,15.3249,45,626,0.0,2061
596,2013-05-10,15.4782,15.4782,15.4782,15.4782,60,632,1.0,2061
597,2013-05-13,15.4782,15.8358,15.4782,15.8358,382,647,2.3102,2061
598,2013-05-14,15.5293,16.9085,15.5293,16.9085,830,691,6.7742,2061
599,2013-05-15,18.0834,18.0834,18.0834,18.0834,584,739,6.9486,2061
600,2013-05-16,19.3094,19.3094,19.3094,19.3094,662,789,6.7797,2061
601,2013-05-17,19.3094,20.6376,20.6376,20.6376,4644,843,6.8783,2061
602,2013-05-20,21.4549,22.0679,22.0679,22.0679,2226,902,6.9307,2061
603,2013-05-21,20.9441,23.4982,22.8853,22.9363,1807,937,3.9352,2061
604,2013-05-22,21.4549,22.8853,21.9658,21.4549,1712,876,-6.4588,2061
605,2013-05-23,19.9735,21.4549,21.4549,19.9735,455,816,-6.9048,2061
606,2013-05-24,18.7986,19.5138,19.5138,18.7986,486,768,-5.8824,2061
607,2013-05-27,18.4921,19.667,18.5432,19.1051,186,780,1.6304,2061
608,2013-05-28,19.4116,20.4333,20.4333,20.28,78,828,6.1497,2061
609,2013-05-29,19.3605,20.1778,19.3605,20.1778,133,824,-0.5038,2061
610,2013-05-30,19.1051,20.3311,20.3311,19.1051,249,780,-5.3165,2061
611,2013-05-31,18.3899,19.0029,18.3899,19.0029,55,776,-0.5348,2061
612,2013-06-03,17.7259,19.5138,19.5138,19.3605,161,791,1.8817,2061
613,2013-06-04,18.1856,19.0029,18.1856,19.0029,218,776,-1.847,2061
614,2013-06-05,18.3899,19.4116,19.0029,19.4116,327,793,2.1505,2061
615,2013-06-06,18.4921,19.4116,19.4116,19.4116,128,793,0.0,2061
616,2013-06-07,18.3899,18.8497,18.3899,18.3899,306,751,-5.2632,2061
617,2013-06-10,18.3899,18.7475,18.3899,18.7475,127,766,1.9444,2061
618,2013-06-11,18.6964,18.6964,18.6964,18.6964,32,764,-0.2725,2061
619,2013-06-13,17.4194,19.2583,19.2583,18.1856,349,743,-2.7322,2061
620,2013-06-14,16.9596,17.8791,17.3683,17.6748,529,722,-2.809,2061
621,2013-06-17,18.0834,18.2367,18.2367,18.1856,53,743,2.8902,2061
622,2013-06-18,17.5726,18.6964,18.6964,18.1856,193,743,0.0,2061
623,2013-06-19,18.2878,18.3899,18.3899,18.2878,89,747,0.5618,2061
624,2013-06-20,18.2878,18.3899,18.3899,18.2878,35,747,0.0,2061
625,2013-06-21,17.7769,17.8791,17.8791,17.7769,87,726,-2.7933,2061
626,2013-06-24,17.4704,17.7259,17.7259,17.4704,120,714,-1.7241,2061
627,2013-06-25,18.1856,18.1856,18.1856,18.1856,35,743,4.0936,2061
628,2013-06-26,18.9008,18.9008,18.9008,18.9008,37,772,3.9326,2061
629,2013-06-27,17.6748,18.7986,17.6748,18.7986,105,768,-0.5405,2061
630,2013-06-28,18.0834,18.0834,18.0834,18.0834,17,739,-3.8043,2061
631,2013-07-01,16.9596,18.3899,16.9596,18.3899,872,751,1.6949,2061
632,2013-07-02,18.1856,19.2073,18.1856,18.7986,878,768,2.2222,2061
633,2013-07-03,18.3899,18.3899,18.3899,18.3899,162,751,-2.1739,2061
634,2013-07-04,17.4194,18.3899,17.4194,18.3899,52,751,0.0,2061
635,2013-07-05,17.4194,18.0834,17.4194,18.0834,86,739,-1.6667,2061
636,2013-07-08,17.4194,18.1345,17.4194,18.1345,34,741,0.2825,2061
637,2013-07-09,17.4704,18.3899,18.3899,18.0324,116,737,-0.5634,2061
638,2013-07-10,17.5215,18.2878,18.2878,17.9302,105,732,-0.5666,2061
639,2013-07-11,18.2878,18.2878,18.2878,18.2878,17,747,1.9943,2061
640,2013-07-12,17.3683,18.2878,18.2878,17.8791,207,730,-2.2346,2061
641,2013-07-15,16.6531,17.7259,16.6531,17.7259,345,724,-0.8571,2061
642,2013-07-16,16.6531,17.3172,17.3172,16.6531,525,680,-6.0519,2061
643,2013-07-17,16.5509,16.8574,16.8574,16.5509,137,676,-0.6135,2061
644,2013-07-18,16.2444,16.4488,16.4488,16.2444,145,663,-1.8519,2061
645,2013-07-19,16.1423,16.2444,16.1423,16.2444,79,663,0.0,2061
646,2013-07-22,15.6314,16.3466,15.6314,15.9379,249,651,-1.8868,2061
647,2013-07-23,15.7336,15.9379,15.8358,15.7336,170,643,-1.2821,2061
648,2013-07-24,15.8358,16.1423,16.1423,15.8358,248,647,0.6494,2061
649,2013-07-25,15.8869,15.9379,15.8869,15.8869,342,649,0.3226,2061
650,2013-07-26,15.6314,15.8869,15.8358,15.6314,231,638,-1.6077,2061
651,2013-07-29,15.5293,15.8869,15.8358,15.5293,311,634,-0.6536,2061
652,2013-07-30,15.8358,16.602,15.8358,16.602,566,678,6.9079,2061
653,2013-07-31,15.8358,16.602,15.8358,16.2955,607,666,-1.8462,2061
654,2013-08-01,15.9379,15.9379,15.9379,15.9379,31,651,-2.1944,2061
655,2013-08-02,16.6531,16.9596,16.6531,16.7553,98,684,5.1282,2061
656,2013-08-05,16.4999,16.4999,16.4999,16.4999,16,674,-1.5244,2061
657,2013-08-06,16.3977,16.3977,16.3977,16.3977,16,670,-0.6192,2061
658,2013-08-07,15.6314,16.2444,16.1423,16.2444,354,663,-0.9346,2061
659,2013-08-08,16.4488,16.5509,16.5509,16.4488,306,672,1.2579,2061
660,2013-08-09,15.6314,16.2444,16.2444,16.0912,199,657,-2.1739,2061
661,2013-08-12,15.4271,16.3466,16.0912,16.0912,78,657,0.0,2061
662,2013-08-13,15.4782,16.0401,16.0401,15.4782,91,632,-3.8095,2061
663,2013-08-14,15.376,15.6825,15.376,15.5804,259,636,0.6601,2061
664,2013-08-15,15.376,15.5804,15.5804,15.376,60,628,-1.3115,2061
665,2013-08-16,15.2228,15.3249,15.3249,15.2739,502,624,-0.6645,2061
666,2013-08-19,15.2228,15.2228,15.2228,15.2228,29,622,-0.3344,2061
667,2013-08-20,15.1206,15.3249,15.3249,15.1206,59,618,-0.6711,2061
668,2013-08-22,14.6098,15.3249,14.6609,15.3249,102,626,1.3514,2061
669,2013-08-23,15.2228,15.2228,15.2228,15.2228,14,622,-0.6667,2061
670,2013-08-26,15.4271,15.4271,15.4271,15.4271,15,630,1.3423,2061
671,2013-08-27,15.4271,15.4271,15.4271,15.4271,0,630,0.0,2061
672,2013-08-28,14.8141,16.2955,16.2444,15.989,360,653,3.6424,2061
673,2013-08-29,15.0695,15.5293,15.0695,15.5293,74,634,-2.8754,2061
674,2013-08-30,15.2228,15.5293,15.5293,15.2228,119,622,-1.9737,2061
675,2013-09-02,14.4054,15.2228,14.4054,15.2228,213,622,0.0,2061
676,2013-09-03,14.9674,15.1206,14.9674,15.1206,147,618,-0.6711,2061
677,2013-09-04,15.0184,15.2739,15.0184,15.2739,44,624,1.0135,2061
678,2013-09-05,15.0184,15.2739,15.0184,15.0184,206,613,-1.6722,2061
679,2013-09-06,15.6314,16.0401,15.6314,15.8358,265,647,5.4422,2061
680,2013-09-09,15.0184,15.3249,15.3249,15.0184,44,613,-5.1613,2061
681,2013-09-10,14.9674,15.7336,14.9674,15.7336,44,643,4.7619,2061
682,2013-09-11,14.9674,14.9674,14.9674,14.9674,29,611,-4.8701,2061
683,2013-09-12,14.7119,14.8141,14.7119,14.8141,58,605,-1.0239,2061
684,2013-09-13,15.1206,15.2228,15.1206,15.1206,78,618,2.069,2061
685,2013-09-14,15.2739,15.2739,15.2739,15.2739,16,624,1.0135,2061
686,2013-09-16,14.8141,16.0912,16.0912,15.6314,60,638,2.3411,2061
687,2013-09-17,15.6314,15.6314,15.6314,15.6314,0,638,0.0,2061
688,2013-09-18,15.3249,15.3249,15.3249,15.3249,45,626,-1.9608,2061
689,2013-09-23,15.7336,15.7336,15.7336,15.7336,15,643,2.6667,2061
690,2013-09-24,14.8141,15.4271,14.8652,14.8141,277,605,-5.8442,2061
691,2013-09-25,14.8141,14.8141,14.8141,14.8141,101,605,0.0,2061
692,2013-09-26,14.8141,14.8141,14.8141,14.8141,72,605,0.0,2061
693,2013-09-27,14.8141,15.4271,15.4271,15.2228,73,622,2.7586,2061
694,2013-09-30,14.7119,15.2739,14.7119,15.2739,29,624,0.3356,2061
695,2013-10-01,14.8141,15.5293,15.5293,14.9163,44,609,-2.3411,2061
696,2013-10-02,14.8141,15.2228,15.2228,15.2228,87,622,2.0548,2061
697,2013-10-03,15.2228,15.2228,15.2228,15.2228,0,622,0.0,2061
698,2013-10-04,14.3544,14.8141,14.6098,14.4054,542,588,-5.3691,2061
699,2013-10-07,14.15,14.6609,14.3033,14.5587,125,595,1.0638,2061
700,2013-10-08,13.8435,14.5076,14.5076,14.15,192,578,-2.807,2061
701,2013-10-09,13.7925,13.9968,13.9968,13.8946,338,567,-1.8051,2061
702,2013-10-11,13.6903,14.0989,13.7925,13.6903,650,559,-1.4706,2061
703,2013-10-14,13.486,13.7925,13.7925,13.486,67,551,-1.4925,2061
704,2013-10-15,13.7925,14.2011,14.2011,13.7925,86,563,2.2727,2061
705,2013-10-16,13.486,13.8946,13.6903,13.8946,363,567,0.7407,2061
706,2013-10-17,13.486,13.7414,13.486,13.7414,148,561,-1.1029,2061
707,2013-10-18,13.7925,13.9968,13.9968,13.7925,95,563,0.3717,2061
708,2013-10-21,13.486,13.7925,13.486,13.7925,53,563,0.0,2061
709,2013-10-22,13.7925,13.7925,13.7925,13.7925,0,563,0.0,2061
710,2013-10-23,13.486,13.7925,13.486,13.7925,53,563,0.0,2061
711,2013-10-24,13.7925,13.8946,13.7925,13.8946,40,567,0.7407,2061
712,2013-10-25,14.0989,14.3033,14.3033,14.2522,111,582,2.5735,2061
713,2013-10-28,13.7925,14.2011,14.2011,14.2011,110,580,-0.3584,2061
714,2013-10-29,13.486,14.2011,14.2011,13.8946,135,567,-2.1583,2061
715,2013-10-30,13.486,13.6903,13.486,13.6903,79,559,-1.4706,2061
716,2013-10-31,13.3327,13.7925,13.3838,13.7414,83,561,0.3731,2061
717,2013-11-01,13.5881,13.5881,13.5881,13.5881,119,555,-1.1152,2061
718,2013-11-04,13.2816,13.3838,13.3838,13.2816,221,542,-2.2556,2061
719,2013-11-05,13.7925,13.7925,13.7925,13.7925,13,563,3.8462,2061
720,2013-11-06,12.9751,13.4349,13.2816,13.2816,129,542,-3.7037,2061
721,2013-11-07,12.3621,13.3838,13.2816,13.2305,638,540,-0.3846,2061
722,2013-11-08,13.0773,13.486,13.1795,13.0773,314,534,-1.1583,2061
723,2013-11-11,12.9751,13.2816,13.2816,12.9751,422,530,-0.7813,2061
724,2013-11-12,13.1795,13.1795,13.1795,13.1795,136,538,1.5748,2061
725,2013-11-13,13.1795,13.1795,13.1795,13.1795,0,538,0.0,2061
726,2013-11-14,13.1795,13.1795,13.1795,13.1795,12,538,0.0,2061
727,2013-11-15,12.5154,13.2816,12.5154,13.1795,64,538,0.0,2061
728,2013-11-18,13.2816,13.3327,13.2816,13.3327,65,544,1.1628,2061
729,2013-11-19,13.3327,13.9968,13.3327,13.9968,5101,572,4.9808,2061
730,2013-11-20,14.9674,14.9674,14.9674,14.9674,689,611,6.9343,2061
731,2013-11-21,14.9674,15.9379,15.9379,15.2739,809,624,2.0478,2061
732,2013-11-22,14.3033,15.2228,15.2228,14.3033,395,584,-6.3545,2061
733,2013-11-25,13.3327,13.6392,13.4349,13.3327,353,544,-6.7857,2061
734,2013-11-26,12.4132,13.1795,13.0262,13.1795,1296,538,-1.1494,2061
735,2013-11-27,12.311,12.8219,12.7708,12.5154,357,511,-5.0388,2061
736,2013-11-28,12.5154,12.9751,12.5154,12.7197,399,519,1.6327,2061
737,2013-11-29,12.26,13.1795,12.26,12.924,440,528,1.6064,2061
738,2013-12-02,13.0773,13.0773,13.0773,13.0773,12,534,1.1858,2061
739,2013-12-03,12.7708,12.9751,12.873,12.8219,167,524,-1.9531,2061
740,2013-12-04,12.6686,12.7197,12.6686,12.7197,186,519,-0.7968,2061
741,2013-12-05,12.6175,12.6175,12.6175,12.6175,37,515,-0.8032,2061
742,2013-12-06,12.5154,12.5154,12.5154,12.5154,288,511,-0.8097,2061
743,2013-12-09,13.0773,13.3838,13.0773,13.3838,298,547,6.9388,2061
744,2013-12-10,13.9968,14.3033,14.3033,14.3033,1169,584,6.8702,2061
745,2013-12-11,14.3033,15.2739,14.8141,15.2739,1745,624,6.7857,2061
746,2013-12-12,14.3033,15.3249,15.3249,14.3033,474,584,-6.3545,2061
747,2013-12-13,13.7925,15.1206,15.1206,14.7119,168,601,2.8571,2061
748,2013-12-16,14.2011,14.6609,14.2011,14.3033,98,584,-2.7778,2061
749,2013-12-17,13.9457,13.9457,13.9457,13.9457,13,570,-2.5,2061
750,2013-12-18,13.2816,13.5881,13.2816,13.5881,52,555,-2.5641,2061
751,2013-12-19,13.7925,14.5076,13.7925,14.5076,225,593,6.7669,2061
752,2013-12-20,14.6098,15.1206,15.1206,15.0184,120,613,3.5211,2061
753,2013-12-23,15.3249,15.3249,15.3249,15.3249,15,626,2.0408,2061
754,2013-12-24,15.3249,16.2955,15.3249,15.8358,123,647,3.3333,2061
755,2013-12-25,14.8141,16.3466,16.1423,15.8358,227,647,0.0,2061
756,2013-12-26,15.3249,16.3466,15.3249,16.0401,233,655,1.2903,2061
757,2013-12-27,15.2228,15.3249,15.3249,15.2228,374,622,-5.0955,2061
758,2013-12-30,15.3249,15.5293,15.5293,15.3249,105,626,0.6711,2061
759,2013-12-31,15.3249,15.3249,15.3249,15.3249,0,626,0.0,2061
760,2014-01-02,15.3249,15.3249,15.3249,15.3249,75,626,0.0,2061
761,2014-01-03,15.4271,15.4271,15.4271,15.4271,15,630,0.6667,2061
762,2014-01-06,15.4271,15.4271,15.4271,15.4271,0,630,0.0,2061
763,2014-01-07,15.1206,16.1423,15.2228,16.1423,1032,659,4.6358,2061
764,2014-01-08,15.3249,16.6531,16.1934,15.8358,564,647,-1.8987,2061
765,2014-01-09,15.8358,16.8574,15.8358,16.1423,1135,659,1.9355,2061
766,2014-01-10,15.8358,17.2661,16.1423,16.1423,332,659,0.0,2061
767,2014-01-13,15.9379,16.8574,16.5509,16.6531,507,680,3.1646,2061
768,2014-01-14,15.6825,16.3466,16.3466,15.7336,546,643,-5.5215,2061
769,2014-01-15,16.2444,16.8064,16.2444,16.6531,1956,680,5.8442,2061
770,2014-01-16,16.7042,17.7769,17.3683,16.7042,323,682,0.3067,2061
771,2014-01-17,16.1423,16.7553,16.7042,16.7553,97,684,0.3058,2061
772,2014-01-20,16.8064,17.5726,16.8064,17.3683,2861,709,3.6585,2061
773,2014-01-21,17.0107,18.3899,18.3899,17.1639,1605,701,-1.1765,2061
774,2014-01-22,17.0107,17.1639,17.1639,17.1639,1072,701,0.0,2061
775,2014-01-23,17.1129,17.828,17.828,17.1129,370,699,-0.2976,2061
776,2014-01-24,17.5726,18.0834,18.0834,17.7769,731,726,3.8806,2061
777,2014-01-27,18.0834,19.0029,18.6964,19.0029,2230,776,6.8966,2061
778,2014-02-05,19.9224,20.3311,19.9224,20.3311,513,831,6.9892,2061
779,2014-02-06,21.7103,21.7103,21.7103,21.7103,650,887,6.7839,2061
780,2014-02-07,23.1918,23.1918,23.1918,23.1918,958,947,6.8235,2061
781,2014-02-10,22.3744,24.7753,22.9874,24.5199,12780,1002,5.7269,2061
782,2014-02-11,24.1623,25.0307,24.1623,24.5199,3993,1002,0.0,2061
783,2014-02-12,24.5199,25.6948,24.5199,24.8264,5348,1014,1.25,2061
784,2014-02-13,23.0896,24.8264,24.8264,23.9069,4551,977,-3.7037,2061
785,2014-02-14,22.9874,23.8047,23.8047,23.0896,1460,943,-3.4188,2061
786,2014-02-17,23.4982,24.6732,23.4982,24.6732,6360,1008,6.8584,2061
787,2014-02-18,25.0307,26.3589,26.3589,26.3589,10344,1077,6.8323,2061
788,2014-02-19,26.0524,27.9936,26.0524,26.1546,9288,1069,-0.7752,2061
789,2014-02-20,24.3667,26.5632,26.5632,25.2351,9257,1031,-3.5156,2061
790,2014-02-21,25.2351,26.4611,25.3372,25.5416,9811,1044,1.2146,2061
791,2014-02-24,25.9502,27.2784,25.9502,26.7165,100646,1092,4.6,2061
792,2014-02-25,27.1762,28.5555,28.5044,27.5338,19789,1125,3.0593,2061
793,2014-02-26,27.1762,27.7382,27.7382,27.3806,8221,1119,-0.5566,2061
794,2014-02-27,27.3806,27.7892,27.3806,27.5849,5547,1142,0.7463,2061
795,2014-03-03,27.3806,28.0957,27.5849,27.636,36295,1144,0.1852,2061
796,2014-03-04,27.6871,29.5261,27.6871,29.5261,77013,1223,6.8392,2061
797,2014-03-05,30.3434,31.5694,30.3434,31.5694,28317,1307,6.9204,2061
798,2014-03-06,31.6716,32.54,32.0802,31.6716,24317,1312,0.3236,2061
799,2014-03-07,30.7521,31.8759,31.8759,31.2629,9820,1295,-1.2903,2061
800,2014-03-10,30.7521,31.6716,31.6716,30.9564,8627,1282,-0.9804,2061
801,2014-03-11,29.2196,31.3651,30.9564,29.9347,30084,1240,-3.3003,2061
802,2014-03-12,29.3217,30.5988,29.9347,29.4239,21857,1218,-1.7065,2061
803,2014-03-13,29.3217,30.5477,29.9347,30.5477,5902,1265,3.8194,2061
804,2014-03-14,30.0369,30.9564,30.1391,30.0369,23676,1244,-1.6722,2061
805,2014-03-17,29.4239,30.088,29.4239,29.6793,5737,1229,-1.1905,2061
806,2014-03-18,29.475,30.0369,30.0369,29.7304,8814,1231,0.1721,2061
807,2014-03-19,29.1174,29.6282,29.6282,29.1174,7630,1206,-2.0619,2061
808,2014-03-20,27.9425,29.0663,29.0152,28.3001,14110,1172,-2.807,2061
809,2014-03-21,27.0741,28.1979,28.1979,27.5849,11294,1142,-2.5271,2061
810,2014-03-24,26.5632,27.8914,26.6654,27.8914,2394,1155,1.1111,2061
811,2014-03-25,27.3806,27.8914,27.8914,27.5849,3379,1142,-1.0989,2061
812,2014-03-26,27.5849,27.8914,27.5849,27.7382,3110,1149,0.5556,2061
813,2014-03-27,27.7382,28.5555,27.7382,28.4022,2732,1176,2.3941,2061
814,2014-03-28,28.0957,28.4022,28.1979,28.4022,1997,1176,0.0,2061
815,2014-03-31,28.9131,30.3434,30.3434,29.8836,13773,1285,5.2158,2061
816,2014-04-01,29.475,30.5988,30.4456,29.475,5586,1268,-1.3675,2061
817,2014-04-02,29.1174,30.1391,29.6282,29.1174,5354,1252,-1.2132,2061
818,2014-04-03,28.7087,29.1174,29.1174,29.1174,3609,1252,0.0,2061
819,2014-04-07,28.4022,29.4239,29.1174,28.4022,7643,1222,-2.4561,2061
820,2014-04-08,28.6066,29.1174,28.6066,29.1174,5347,1252,2.518,2061
821,2014-04-09,29.1174,29.6282,29.4239,29.1685,4021,1255,0.1754,2061
822,2014-04-10,29.1174,29.5261,29.2706,29.1685,4384,1255,0.0,2061
823,2014-04-11,28.7598,29.1174,29.1174,29.1174,5324,1252,-0.1751,2061
824,2014-04-14,28.5044,29.1174,29.1174,28.8109,3282,1239,-1.0526,2061
825,2014-04-15,28.1979,28.6066,28.6066,28.5044,3032,1226,-1.0638,2061
826,2014-04-16,28.5044,29.5261,28.6066,28.6066,6436,1230,0.3584,2061
827,2014-04-17,28.0957,28.7087,28.3001,28.7087,7123,1235,0.3571,2061
828,2014-04-18,27.7382,28.6066,28.1979,27.7892,9567,1195,-3.2028,2061
829,2014-04-21,27.6871,27.9936,27.9425,27.8914,9388,1200,0.3676,2061
830,2014-04-22,27.2784,27.8403,27.6871,27.5849,3891,1187,-1.0989,2061
831,2014-04-23,27.3806,27.7892,27.5849,27.3806,2802,1178,-0.7407,2061
832,2014-04-24,27.0741,27.3806,27.3806,27.2273,2691,1171,-0.5597,2061
833,2014-04-25,25.8992,27.4827,27.1762,27.3806,5161,1178,0.5629,2061
834,2014-04-28,26.5632,27.7892,27.1252,27.5849,6914,1187,0.7463,2061
835,2014-04-29,27.1762,27.5849,27.5849,27.5849,3303,1187,0.0,2061
836,2014-04-30,27.2784,28.4022,28.4022,27.7892,6148,1213,0.7407,2061
837,2014-05-02,27.0741,27.3806,27.3806,27.1252,4961,1184,-2.3897,2061
838,2014-05-05,26.6654,27.9936,27.9936,27.3806,11394,1195,0.9416,2061
839,2014-05-06,26.8187,27.5849,27.5849,27.3806,15404,1195,0.0,2061
840,2014-05-07,26.3589,27.3806,27.3806,27.0741,1350,1181,-1.1194,2061
841,2014-05-08,26.5632,27.4827,27.2784,27.0741,3759,1181,0.0,2061
842,2014-05-09,26.7165,27.023,26.9208,26.7676,2889,1168,-1.1321,2061
843,2014-05-12,26.5632,27.3806,26.7676,26.5632,1934,1159,-0.7634,2061
844,2014-05-13,26.3589,26.9719,26.9719,26.5632,1196,1159,0.0,2061
845,2014-05-14,26.0524,28.0957,26.5632,27.4827,3920,1199,3.4615,2061
846,2014-05-15,26.8697,28.0957,27.0741,26.9719,13109,1177,-1.8587,2061
847,2014-05-16,26.1546,27.0741,26.9719,27.0741,2938,1181,0.3788,2061
848,2014-05-19,26.0524,27.3295,27.023,26.2057,14638,1143,-3.2075,2061
849,2014-05-20,25.4394,26.2057,26.0524,25.5416,6430,1114,-2.5341,2061
850,2014-05-21,23.7537,25.5416,25.5416,23.7537,16122,1036,-7.0,2061
851,2014-05-22,22.732,23.7026,22.732,23.7026,7997,1034,-0.2151,2061
852,2014-05-23,23.2428,23.958,23.6004,23.2939,4485,1016,-1.7241,2061
853,2014-05-26,23.4982,24.0091,23.4982,23.8047,2092,1039,2.193,2061
854,2014-05-27,24.5199,25.4394,24.5199,25.4394,4367,1110,6.867,2061
855,2014-05-28,25.8992,27.1762,26.41,26.4611,11031,1155,4.0161,2061
856,2014-05-29,25.6437,26.5122,26.4611,26.0013,5576,1134,-1.7375,2061
857,2014-05-30,25.2351,26.0524,26.0013,26.0524,5790,1137,0.1965,2061
858,2014-06-03,25.3372,26.1035,26.0524,25.3372,2612,1105,-2.7451,2061
859,2014-06-04,25.3372,26.0524,25.3372,25.5416,2037,1114,0.8065,2061
860,2014-06-05,25.0307,25.4905,25.3372,25.4394,1511,1110,-0.4,2061
861,2014-06-06,25.0307,25.5416,25.4394,25.3883,1555,1108,-0.2008,2061
862,2014-06-09,25.184,25.4905,25.3883,25.184,1812,1099,-0.8048,2061
863,2014-06-10,25.0307,25.2351,25.184,25.1329,2858,1097,-0.2028,2061
864,2014-06-11,24.5199,25.1329,25.1329,24.8775,6391,1085,-1.0163,2061
865,2014-06-12,24.2645,24.8775,24.8775,24.5199,2111,1070,-1.4374,2061
866,2014-06-13,23.8047,24.7753,24.5199,23.8558,4850,1041,-2.7083,2061
867,2014-06-16,22.9874,23.8558,23.8558,23.1918,7965,1012,-2.7837,2061
868,2014-06-17,22.7831,23.2939,23.1918,23.0896,1734,1007,-0.4405,2061
869,2014-06-18,22.9874,24.6732,23.0896,24.6732,14079,1076,6.8584,2061
870,2014-06-19,24.6732,25.9502,25.2862,24.7242,12468,1079,0.207,2061
871,2014-06-20,23.6004,24.9797,24.9797,24.0602,4807,1050,-2.686,2061
872,2014-06-23,23.345,23.7537,23.7026,23.3961,2999,1021,-2.7601,2061
873,2014-06-24,23.0896,23.7026,23.7026,23.2428,2874,1014,-0.655,2061
874,2014-06-25,23.1407,23.8558,23.3961,23.4982,12131,1025,1.0989,2061
875,2014-06-26,22.9874,23.6004,23.4982,23.0896,12491,1007,-1.7391,2061
876,2014-06-27,22.9874,23.4472,23.2939,23.2939,862,1016,0.885,2061
877,2014-06-30,22.9363,23.2939,23.2939,23.1407,5805,1041,-0.6579,2061
878,2014-07-01,22.4766,23.1918,23.1918,22.8853,4799,1029,-1.1038,2061
879,2014-07-02,22.4766,22.8853,22.7831,22.4766,4853,1011,-1.7857,2061
880,2014-07-03,22.2723,22.7831,22.2723,22.7831,2202,1024,1.3636,2061
881,2014-07-04,22.2212,23.3961,22.7831,22.9874,17724,1034,0.8969,2061
882,2014-07-07,22.6809,22.9874,22.9874,22.9874,2130,1034,0.0,2061
883,2014-07-08,22.6809,23.3961,23.1918,22.7831,4975,1024,-0.8889,2061
884,2014-07-09,22.5277,22.9874,22.7831,22.7831,874,1024,0.0,2061
885,2014-07-10,22.0679,22.732,22.732,22.1701,3733,997,-2.6906,2061
886,2014-07-11,20.6376,22.1701,22.1701,20.6376,9255,928,-6.9124,2061
887,2014-07-14,19.2073,21.0463,19.2073,20.28,5164,912,-1.7327,2061
888,2014-07-15,20.1778,20.9441,20.6887,20.1778,2362,907,-0.5038,2061
889,2014-07-16,20.1778,20.3822,20.1778,20.3311,1109,914,0.7595,2061
890,2014-07-17,20.0246,20.3822,20.1268,20.3822,3045,916,0.2513,2061
891,2014-07-18,19.2073,20.1268,19.8203,20.0246,3182,900,-1.7544,2061
892,2014-07-21,19.2073,20.0246,20.0246,20.0246,3682,900,0.0,2061
893,2014-07-22,19.2073,19.8203,19.8203,19.2583,2752,866,-3.8265,2061
894,2014-07-24,19.2073,19.7692,19.2073,19.2583,1917,866,0.0,2061
895,2014-07-25,18.3899,19.4116,19.4116,18.8497,1954,848,-2.122,2061
896,2014-07-28,18.9008,19.5138,19.1562,19.3094,4718,868,2.439,2061
897,2014-07-29,19.3605,20.6376,19.3605,20.6376,13749,928,6.8783,2061
898,2014-07-30,19.4627,20.8419,20.2289,20.4333,5967,919,-0.9901,2061
899,2014-07-31,19.2073,20.4333,20.4333,19.8713,4569,947,-2.75,2061
900,2014-08-01,19.0029,19.9224,19.0029,19.9224,3212,949,0.2571,2061
901,2014-08-04,19.2583,20.1268,19.9224,19.5138,8409,930,-2.0513,2061
902,2014-08-05,19.5138,20.4333,19.5138,19.8713,2243,947,1.8325,2061
903,2014-08-06,19.5138,20.1268,20.1268,19.8713,1754,947,0.0,2061
904,2014-08-07,19.7181,20.4333,20.2289,20.4333,2904,973,2.8278,2061
905,2014-08-08,19.8713,20.9441,20.4333,20.3822,1401,971,-0.25,2061
906,2014-08-11,19.4627,20.0246,19.8713,19.7692,3482,942,-3.0075,2061
907,2014-08-12,19.4116,19.8713,19.5138,19.8203,1387,944,0.2584,2061
908,2014-08-13,19.5138,19.9224,19.5138,19.8203,500,944,0.0,2061
909,2014-08-14,19.6159,20.0757,19.8203,19.9224,522,949,0.5155,2061
910,2014-08-15,19.4116,19.8203,19.4627,19.8203,1295,944,-0.5128,2061
911,2014-08-18,19.2073,19.8203,19.8203,19.3094,1266,920,-2.5773,2061
912,2014-08-19,17.9813,19.4116,19.4116,17.9813,11121,857,-6.8783,2061
913,2014-08-20,16.7553,17.7769,16.7553,16.7553,6851,798,-6.8182,2061
914,2014-08-21,15.6314,15.6314,15.6314,15.6314,2142,745,-6.7073,2061
915,2014-08-22,14.6098,16.7042,14.6098,16.7042,8210,796,6.8627,2061
916,2014-08-25,16.7042,17.4704,16.7553,16.8574,3199,803,0.9174,2061
917,2014-08-26,16.3466,16.9085,16.8574,16.6531,1040,793,-1.2121,2061
918,2014-08-27,16.6531,16.8064,16.8064,16.6531,965,793,0.0,2061
919,2014-08-28,16.7553,17.3683,16.8574,17.3683,564,827,4.2945,2061
920,2014-08-29,16.9596,17.8791,17.6748,17.4704,360,866,0.5882,2061
921,2014-09-01,17.4704,17.7769,17.4704,17.4704,600,866,0.0,2061
922,2014-09-02,16.8574,17.828,17.6237,17.5726,1264,871,0.5848,2061
923,2014-09-03,17.3683,18.1856,17.6748,18.1856,2087,901,3.4884,2061
924,2014-09-04,17.7769,18.4921,17.9302,18.0324,1017,893,-0.8427,2061
925,2014-09-05,17.828,18.2878,18.1856,18.0834,385,896,0.2833,2061
926,2014-09-09,17.9302,18.3389,18.0834,18.1345,495,899,0.2825,2061
927,2014-09-10,17.3683,18.0834,17.4704,17.828,862,883,-1.6901,2061
928,2014-09-11,17.7769,17.8791,17.8791,17.8791,1344,886,0.2865,2061
929,2014-09-12,17.9302,18.7986,18.7986,18.1856,23883,901,1.7143,2061
930,2014-09-15,18.7986,19.4116,19.2073,19.4116,4016,962,6.7416,2061
931,2014-09-16,19.0029,20.3311,20.3311,19.4116,5953,962,0.0,2061
932,2014-09-17,19.4116,19.8203,19.4116,19.7181,1630,977,1.5789,2061
933,2014-09-18,19.7181,20.6376,19.8713,20.3311,2857,1007,3.1088,2061
934,2014-09-19,20.3311,20.7398,20.4333,20.4333,1603,1012,0.5025,2061
935,2014-09-22,20.3311,20.6376,20.6376,20.5354,1502,1018,0.5,2061
936,2014-09-23,19.8713,20.5354,20.5354,20.0757,2136,995,-2.2388,2061
937,2014-09-24,19.6159,19.9735,19.8203,19.9224,523,987,-0.7634,2061
938,2014-09-25,19.5138,20.0757,19.9224,19.9735,699,990,0.2564,2061
939,2014-09-26,19.2073,20.0757,19.4116,20.0246,2281,992,0.2558,2061
940,2014-09-29,19.3094,20.0246,19.3094,19.4116,848,962,-3.0612,2061
941,2014-09-30,18.9008,19.7692,19.5648,19.3094,995,957,-0.5263,2061
942,2014-10-01,18.9008,20.3822,20.3822,19.2073,431,952,-0.5291,2061
943,2014-10-02,19.054,20.0246,20.0246,19.7181,768,977,2.6596,2061
944,2014-10-03,19.4116,19.9224,19.9224,19.7692,405,980,0.2591,2061
945,2014-10-06,19.2583,19.5138,19.3094,19.5138,624,967,-1.292,2061
946,2014-10-07,19.3605,19.7692,19.4116,19.6159,152,972,0.5236,2061
947,2014-10-08,19.3605,19.667,19.6159,19.5138,496,967,-0.5208,2061
948,2014-10-09,19.2073,19.667,19.5648,19.2073,799,952,-1.5707,2061
949,2014-10-13,17.9302,19.4116,18.6964,18.3389,1447,909,-4.5213,2061
950,2014-10-14,17.9302,19.2073,19.2073,18.1856,1831,901,-0.8357,2061
951,2014-10-15,18.0834,18.441,18.441,18.1856,1194,901,0.0,2061
952,2014-10-16,17.4704,18.3899,18.1345,17.9813,2067,891,-1.1236,2061
953,2014-10-17,17.4704,18.0834,18.0834,17.4704,362,866,-2.8409,2061
954,2014-10-20,17.3683,17.8791,17.5726,17.8791,342,886,2.3392,2061
955,2014-10-21,17.3683,17.9813,17.7769,17.9813,297,891,0.5714,2061
956,2014-10-22,17.7769,18.1856,17.9813,17.8791,351,886,-0.5682,2061
957,2014-10-23,17.8791,17.8791,17.8791,17.8791,35,886,0.0,2061
958,2014-10-24,16.9085,18.0324,18.0324,17.0107,1146,843,-4.8571,2061
959,2014-10-27,16.9085,17.7259,17.3172,17.0618,1123,845,0.3003,2061
960,2014-10-28,17.0618,17.828,17.0618,17.6748,451,876,3.5928,2061
961,2014-10-29,17.1639,17.9813,17.9813,17.6748,922,876,0.0,2061
962,2014-10-30,17.3683,17.8791,17.6748,17.8791,501,886,1.1561,2061
963,2014-10-31,17.4704,18.0324,18.0324,17.8791,1730,886,0.0,2061
964,2014-11-03,17.9813,18.7986,18.0834,18.7986,1474,931,5.1429,2061
965,2014-11-04,18.3899,19.4627,18.3899,19.4627,2446,964,3.5326,2061
966,2014-11-05,19.3605,19.7692,19.7692,19.5138,1046,967,0.2625,2061
967,2014-11-06,19.1051,19.8203,19.7692,19.6159,1287,972,0.5236,2061
968,2014-11-07,19.0029,19.8713,19.8713,19.4116,1339,962,-1.0417,2061
969,2014-11-10,18.9008,19.5138,19.4116,19.1051,1930,947,-1.5789,2061
970,2014-11-11,18.7986,19.3605,19.3605,18.7986,814,931,-1.6043,2061
971,2014-11-12,18.3899,19.2583,18.5943,18.9008,1121,936,0.5435,2061
972,2014-11-13,18.1856,19.0029,18.1856,18.9008,1705,936,0.0,2061
973,2014-11-14,18.1856,18.9008,18.9008,18.1856,683,901,-3.7838,2061
974,2014-11-17,18.2878,18.9518,18.5432,18.6453,544,924,2.5281,2061
975,2014-11-18,17.8791,18.7475,18.3899,18.0834,418,896,-3.0137,2061
976,2014-11-19,17.6237,18.6964,18.6964,18.3899,835,911,1.6949,2061
977,2014-11-20,18.3899,18.7986,18.3899,18.7986,549,931,2.2222,2061
978,2014-11-21,18.2878,18.9008,18.9008,18.5943,1590,921,-1.087,2061
979,2014-11-24,18.4921,18.7475,18.4921,18.5432,1658,919,-0.2747,2061
980,2014-11-25,18.4921,18.9008,18.5943,18.8497,5095,934,1.6529,2061
981,2014-11-26,18.4921,19.1562,18.9008,19.1051,3164,947,1.355,2061
982,2014-11-27,18.9518,19.7692,19.3094,19.7181,3978,977,3.2086,2061
983,2014-11-28,19.6159,20.0246,19.7181,19.8713,3045,985,0.7772,2061
984,2014-12-01,18.5943,20.0246,18.5943,19.9224,13166,987,0.2571,2061
985,2014-12-02,19.5138,20.2289,20.2289,19.8713,15826,985,-0.2564,2061
986,2014-12-03,19.9224,21.2506,19.9224,21.2506,24676,1053,6.9409,2061
987,2014-12-04,20.5354,21.4549,20.9441,21.3528,16726,1058,0.4808,2061
988,2014-12-05,21.5576,22.4199,21.8809,21.8809,9798,1261,1.541,2061
989,2014-12-08,21.7731,22.1504,21.8809,21.827,8624,1258,-0.2463,2061
990,2014-12-09,21.6653,22.0426,21.7731,21.6653,4027,1249,-0.7407,2061
991,2014-12-10,21.5576,22.6354,21.7731,22.0426,17921,1270,1.7413,2061
992,2014-12-11,21.8809,22.2043,21.8809,21.8809,6022,1261,-0.7335,2061
993,2014-12-12,21.7731,22.5815,21.7731,21.9348,18094,1264,0.2463,2061
994,2014-12-15,21.342,22.0965,21.9348,21.3959,9334,1233,-2.457,2061
995,2014-12-16,20.2641,21.6115,21.0186,21.2881,9162,1227,-0.5038,2061
996,2014-12-17,20.2641,21.2881,21.2342,20.4797,7119,1180,-3.7975,2061
997,2014-12-18,20.4797,21.1803,20.4797,21.0186,11430,1211,2.6316,2061
998,2014-12-19,20.6414,21.5037,21.342,21.0186,16763,1211,0.0,2061
999,2014-12-22,20.6953,21.342,21.2342,21.1264,11499,1218,0.5128,2061
1000,2014-12-23,20.6414,21.5576,21.342,20.803,7641,1199,-1.5306,2061
1001,2014-12-24,20.8569,21.4498,21.0186,21.342,6984,1230,2.5907,2061
1002,2014-12-25,21.4498,22.4199,21.5576,22.4199,26441,1292,5.0505,2061
1003,2014-12-26,22.4199,23.4438,22.7971,22.9049,32927,1320,2.1635,2061
1004,2014-12-27,22.2582,22.9049,22.9049,22.4738,14262,1295,-1.8824,2061
1005,2014-12-29,21.827,22.6354,22.5277,21.827,15959,1258,-2.8777,2061
1006,2014-12-30,20.5875,21.4498,21.0186,21.3959,25342,1233,-1.9753,2061
1007,2014-12-31,20.8569,21.5037,21.3959,21.342,10532,1230,-0.2519,2061
1008,2015-01-05,21.1264,21.5037,21.2881,21.5037,6602,1239,0.7576,2061
1009,2015-01-06,21.1803,21.342,21.342,21.2881,11241,1227,-1.0025,2061
1010,2015-01-07,21.0186,21.342,21.2881,21.1803,6580,1221,-0.5063,2061
1011,2015-01-08,21.2342,22.4199,21.342,22.4199,16414,1292,5.8524,2061
1012,2015-01-09,22.2043,22.9588,22.6354,22.3121,12357,1286,-0.4808,2061
1013,2015-01-12,21.342,22.3121,22.3121,21.8809,9036,1261,-1.9324,2061
1014,2015-01-13,21.3959,22.0965,21.5576,21.5037,5213,1239,-1.7241,2061
1015,2015-01-14,21.342,21.8809,21.7731,21.5037,10510,1239,0.0,2061
1016,2015-01-15,21.5576,22.5815,21.5576,22.5277,17666,1298,4.7619,2061
1017,2015-01-16,22.1504,22.7971,22.6354,22.2582,10492,1283,-1.1962,2061
1018,2015-01-19,21.5576,22.6354,22.4199,22.0426,10969,1270,-0.9685,2061
1019,2015-01-20,21.5037,22.0965,21.5576,21.6653,3436,1249,-1.7115,2061
1020,2015-01-21,21.3959,21.8809,21.8809,21.5576,10388,1242,-0.4975,2061
1021,2015-01-22,21.3959,21.6653,21.5576,21.5037,4559,1239,-0.25,2061
1022,2015-01-23,21.1264,21.7192,21.5037,21.1264,12709,1218,-1.7544,2061
1023,2015-01-26,21.342,21.6115,21.342,21.5037,3030,1239,1.7857,2061
1024,2015-01-27,21.4498,21.827,21.827,21.5576,4311,1242,0.2506,2061
1025,2015-01-28,21.1264,21.5576,21.5576,21.2881,4817,1227,-1.25,2061
1026,2015-01-29,20.6953,21.3959,21.2881,21.0186,2287,1211,-1.2658,2061
1027,2015-01-30,20.5336,21.0725,21.0186,20.5336,3019,1183,-2.3077,2061
1028,2015-02-02,20.0485,20.5875,20.5875,20.0485,4568,1155,-2.3622,2061
1029,2015-02-03,20.0485,20.7492,20.0485,20.3719,3814,1174,1.6129,2061
1030,2015-02-04,20.2641,20.9108,20.5336,20.4797,5900,1180,0.5291,2061
1031,2015-02-05,19.3479,20.9108,20.9108,19.833,4811,1143,-3.1579,2061
1032,2015-02-06,19.1323,19.833,19.833,19.833,5851,1143,0.0,2061
1033,2015-02-09,19.2401,19.7791,19.4018,19.6174,2651,1131,-1.087,2061
1034,2015-02-10,19.3479,20.1563,20.1563,19.6174,3959,1131,0.0,2061
1035,2015-02-11,19.294,19.5635,19.5635,19.4018,3539,1118,-1.0989,2061
1036,2015-02-12,19.0784,19.4557,19.2401,19.3479,3940,1115,-0.2778,2061
1037,2015-02-13,19.0784,19.7252,19.4018,19.4018,2470,1118,0.2786,2061
1038,2015-02-24,18.8629,19.4018,19.4018,19.4018,2510,1118,0.0,2061
1039,2015-02-25,18.9168,19.1862,18.9168,18.9707,1834,1093,-2.2222,2061
1040,2015-02-26,18.9707,19.7252,19.1862,19.4018,6167,1118,2.2727,2061
1041,2015-03-02,19.1323,19.6174,19.4018,19.1323,1523,1103,-1.3889,2061
1042,2015-03-03,18.9707,19.3479,18.9707,19.1323,2738,1103,0.0,2061
1043,2015-03-04,19.0245,19.2401,19.2401,19.1323,1258,1103,0.0,2061
1044,2015-03-05,18.9707,19.1323,19.1323,18.9707,2242,1093,-0.8451,2061
1045,2015-03-06,18.9707,19.9407,18.9707,19.4018,4485,1118,2.2727,2061
1046,2015-03-09,19.1862,19.4018,19.4018,19.1862,1008,1106,-1.1111,2061
1047,2015-03-10,19.0784,19.294,19.1862,19.294,1900,1112,0.5618,2061
1048,2015-03-11,18.9707,19.1862,19.0784,19.0784,2380,1100,-1.1173,2061
1049,2015-03-12,19.3479,20.3719,19.4018,20.3719,24382,1174,6.7797,2061
1050,2015-03-13,19.9946,20.4797,20.1563,20.1024,13319,1159,-1.3228,2061
1051,2015-03-16,20.1024,21.1264,20.2641,20.803,11176,1199,3.4853,2061
1052,2015-03-17,20.4797,20.9108,20.9108,20.803,7176,1199,0.0,2061
1053,2015-03-18,20.5336,21.0725,20.9108,20.803,8165,1199,0.0,2061
1054,2015-03-19,20.5875,20.9647,20.9108,20.8569,8033,1202,0.2591,2061
1055,2015-03-20,20.5336,21.0725,20.5336,21.0725,9437,1214,1.0336,2061
1056,2015-03-23,20.6953,21.1803,21.1803,20.8569,4478,1202,-1.023,2061
1057,2015-03-24,20.5875,21.0186,20.8569,20.6414,5276,1190,-1.0336,2061
1058,2015-03-25,20.0485,20.6414,20.6414,20.4797,7970,1180,-0.7833,2061
1059,2015-03-26,19.9407,20.2641,20.2641,19.9407,2765,1149,-2.6316,2061
1060,2015-03-27,19.833,20.2102,20.0485,20.0485,1462,1155,0.5405,2061
1061,2015-03-30,19.294,20.0485,19.9407,19.833,4439,1143,-1.0753,2061
1062,2015-03-31,19.5096,20.0485,19.9407,19.7252,3410,1137,-0.5435,2061
1063,2015-04-01,19.294,19.9407,19.9407,19.6174,2335,1131,-0.5464,2061
1064,2015-04-02,19.4018,19.8868,19.4018,19.833,2066,1143,1.0989,2061
1065,2015-04-07,19.5635,20.0485,19.8868,19.9407,2271,1149,0.5435,2061
1066,2015-04-08,19.6713,19.8868,19.8868,19.8868,20889,1146,-0.2703,2061
1067,2015-04-09,19.833,21.0725,19.833,20.318,16467,1171,2.168,2061
1068,2015-04-10,19.7791,20.9108,20.318,19.833,10767,1143,-2.3873,2061
1069,2015-04-13,19.1862,19.833,19.833,19.6713,10026,1134,-0.8152,2061
1070,2015-04-14,19.4557,20.0485,19.4557,19.9946,9320,1152,1.6438,2061
1071,2015-04-15,19.8868,20.2641,20.0485,20.1024,5027,1159,0.5391,2061
1072,2015-04-16,20.1563,20.4797,20.2102,20.4797,10478,1180,1.8767,2061
1073,2015-04-17,20.318,20.5875,20.5875,20.3719,3393,1174,-0.5263,2061
1074,2015-04-20,20.2102,20.5875,20.3719,20.3719,22171,1174,0.0,2061
1075,2015-04-21,19.9407,20.5875,20.1024,20.2102,6005,1165,-0.7937,2061
1076,2015-04-22,19.6713,19.9946,19.9407,19.9407,2392,1149,-1.3333,2061
1077,2015-04-23,19.6174,20.2641,20.2641,19.8868,2957,1146,-0.2703,2061
1078,2015-04-24,19.7252,20.1024,19.7791,20.0485,1440,1155,0.813,2061
1079,2015-04-27,19.6174,20.0485,19.6174,19.833,3787,1143,-1.0753,2061
1080,2015-04-28,19.5096,20.2641,19.833,19.7252,7775,1137,-0.5435,2061
1081,2015-04-29,19.3479,19.833,19.7252,19.5096,3354,1124,-1.0929,2061
1082,2015-04-30,19.294,19.6713,19.4557,19.5635,2549,1127,0.2762,2061
1083,2015-05-04,19.3479,19.7791,19.7252,19.6174,2822,1131,0.2755,2061
1084,2015-05-05,19.2401,19.7791,19.6174,19.6713,5305,1134,0.2747,2061
1085,2015-05-06,19.2401,19.7252,19.294,19.6174,3078,1131,-0.274,2061
1086,2015-05-07,19.0245,19.5635,19.4018,19.5096,5568,1124,-0.5495,2061
1087,2015-05-08,18.9707,19.5635,19.5096,19.2401,8465,1109,-1.3812,2061
1088,2015-05-11,18.4317,19.2401,19.2401,19.1323,2518,1103,-0.5602,2061
1089,2015-05-12,18.1084,18.9707,18.9707,18.4317,2370,1062,-3.662,2061
1090,2015-05-13,17.1922,18.4317,18.4317,17.3538,7506,1000,-5.848,2061
1091,2015-05-14,16.1682,17.3538,17.2999,16.1682,8007,932,-6.8323,2061
1092,2015-05-15,15.0364,15.7909,15.0364,15.0903,20329,870,-6.6667,2061
1093,2015-05-18,14.1202,15.252,15.252,14.1202,3081,814,-6.4286,2061
1094,2015-05-19,14.228,15.0903,14.4436,15.0903,2660,870,6.8702,2061
1095,2015-05-20,15.6292,16.1143,15.6292,16.1143,4173,929,6.7857,2061
1096,2015-05-21,15.8448,17.0305,16.7071,16.1143,5179,929,0.0,2061
1097,2015-05-22,15.8448,16.8149,16.1143,16.7071,1943,963,3.6789,2061
1098,2015-05-25,16.2221,16.7071,16.2221,16.4915,1186,950,-1.2903,2061
1099,2015-05-26,15.3598,16.7071,16.7071,15.3598,2571,885,-6.8627,2061
1100,2015-05-27,14.6052,15.7909,15.0903,15.0364,1931,866,-2.1053,2061
1101,2015-05-28,15.0364,15.4137,15.4137,15.0903,189,870,0.3584,2061
1102,2015-05-29,15.0903,15.3059,15.1981,15.3059,871,882,1.4286,2061
1103,2015-06-01,15.5753,16.1682,15.6292,15.8448,2408,913,3.5211,2061
1104,2015-06-02,15.6292,16.0604,15.8448,15.8448,934,913,0.0,2061
1105,2015-06-03,15.4137,15.9526,15.9526,15.737,1086,907,-0.6803,2061
1106,2015-06-04,15.0903,15.737,15.737,15.1442,1658,873,-3.7671,2061
1107,2015-06-05,14.7669,15.1442,15.1442,15.0364,580,866,-0.7117,2061
1108,2015-06-08,15.0364,15.1981,15.0364,15.1981,224,876,1.0753,2061
1109,2015-06-09,14.6591,15.1442,15.1442,14.713,1092,848,-3.1915,2061
1110,2015-06-10,14.4975,15.6292,14.713,14.7669,1091,851,0.3663,2061
1111,2015-06-11,14.7669,15.252,14.7669,14.7669,484,851,0.0,2061
1112,2015-06-12,14.8747,15.4137,14.9825,14.9825,689,863,1.4599,2061
1113,2015-06-15,14.5514,15.0364,14.8747,14.6052,899,842,-2.518,2061
1114,2015-06-16,14.4436,14.713,14.6052,14.713,379,848,0.738,2061
1115,2015-06-17,14.3358,14.6591,14.6591,14.6052,1480,842,-0.7326,2061
1116,2015-06-18,14.3358,14.5514,14.3358,14.5514,454,838,-0.369,2061
1117,2015-06-22,14.228,14.5514,14.5514,14.5514,186,838,0.0,2061
1118,2015-06-23,14.3358,14.6591,14.5514,14.4436,12613,832,-0.7407,2061
1119,2015-06-24,14.4436,15.3059,14.4436,14.9825,3505,863,3.7313,2061
1120,2015-06-25,14.5514,15.0364,14.5514,14.6052,1239,842,-2.518,2061
1121,2015-06-26,14.4975,15.0364,14.6591,14.6591,1317,845,0.369,2061
1122,2015-06-29,14.4436,14.6591,14.6591,14.4436,2371,832,-1.4706,2061
1123,2015-06-30,14.3358,14.7669,14.6591,14.7669,2292,851,2.2388,2061
1124,2015-07-01,14.4436,14.7669,14.5514,14.5514,1067,838,-1.4599,2061
1125,2015-07-02,14.5514,14.6591,14.5514,14.5514,932,838,0.0,2061
1126,2015-07-03,14.5514,14.713,14.713,14.6591,1239,845,0.7407,2061
1127,2015-07-06,14.4436,14.8747,14.8747,14.6591,1581,845,0.0,2061
1128,2015-07-07,14.6591,14.9825,14.8747,14.9825,1808,863,2.2059,2061
1129,2015-07-08,14.5514,15.0364,14.9825,15.0364,3234,866,0.3597,2061
1130,2015-07-09,14.5514,15.252,14.6052,15.0364,1239,866,0.0,2061
1131,2015-07-13,14.9825,15.5214,15.1981,15.3059,2108,882,1.7921,2061
1132,2015-07-14,15.1981,15.3059,15.3059,15.3059,638,882,0.0,2061
1133,2015-07-15,15.1981,15.3598,15.3059,15.1981,312,876,-0.7042,2061
1134,2015-07-16,14.5514,15.3059,15.3059,14.5514,2919,838,-4.2553,2061
1135,2015-07-17,14.6052,15.0364,14.6052,14.8747,539,857,2.2222,2061
1136,2015-07-20,14.7669,15.1442,15.1442,15.0364,933,866,1.087,2061
1137,2015-07-21,14.6052,14.8208,14.7669,14.713,722,848,-2.1505,2061
1138,2015-07-22,14.5514,14.8747,14.713,14.5514,659,838,-1.0989,2061
1139,2015-07-23,14.4436,14.6591,14.6591,14.5514,2397,838,0.0,2061
1140,2015-07-24,13.0962,14.9286,14.9286,13.5813,7705,783,-6.6667,2061
1141,2015-07-27,12.2878,13.6891,13.5813,12.8267,3704,739,-5.5556,2061
1142,2015-07-28,12.3956,12.6651,12.6112,12.6112,1120,727,-1.6807,2061
1143,2015-07-29,12.719,13.1501,12.719,13.1501,542,758,4.2735,2061
1144,2015-07-30,12.8267,13.0962,12.9345,12.8806,323,742,-2.0492,2061
1145,2015-07-31,12.5034,12.9345,12.719,12.9345,555,745,0.4184,2061
1146,2015-08-03,12.2878,12.6651,12.6112,12.6651,1576,730,-2.0833,2061
1147,2015-08-04,11.6411,12.4495,12.4495,11.7489,3331,677,-7.234,2061
1148,2015-08-05,11.7489,12.3417,11.7489,12.18,506,702,3.6697,2061
1149,2015-08-06,12.4495,13.1501,12.719,12.8806,1080,742,5.7522,2061
1150,2015-08-07,12.3417,12.9345,12.3956,12.6112,493,727,-2.0921,2061
1151,2015-08-10,12.5034,12.6112,12.6112,12.5034,139,720,-0.8547,2061
1152,2015-08-11,12.3956,12.6651,12.6651,12.3956,369,714,-0.8621,2061
1153,2015-08-12,12.18,12.3956,12.3417,12.3956,307,714,0.0,2061
1154,2015-08-13,12.2878,12.5573,12.3956,12.5573,135,724,1.3043,2061
1155,2015-08-14,12.0722,12.3956,12.3956,12.3956,533,714,-1.2876,2061
1156,2015-08-17,11.8567,12.3417,12.3417,11.9644,941,689,-3.4783,2061
1157,2015-08-18,11.695,12.0722,12.0722,11.9106,1104,686,-0.4505,2061
1158,2015-08-19,11.5872,11.9106,11.8567,11.8567,1120,683,-0.4525,2061
1159,2015-08-20,11.7489,11.9106,11.8567,11.7489,240,677,-0.9091,2061
1160,2015-08-21,11.5333,11.8567,11.8567,11.7489,1100,677,0.0,2061
1161,2015-08-24,10.574,11.5333,11.5333,11.4255,2315,658,-2.7523,2061
1162,2015-08-25,10.5632,11.2638,11.2638,10.7788,457,621,-5.6604,2061
1163,2015-08-26,10.7788,11.1021,10.7788,10.9944,162,633,2.0,2061
1164,2015-08-27,10.7788,11.1021,10.7788,11.1021,132,640,0.9804,2061
1165,2015-08-28,11.1021,11.3177,11.1021,11.2638,579,649,1.4563,2061
1166,2015-08-31,11.156,11.3177,11.156,11.3177,232,652,0.4785,2061
1167,2015-09-01,11.1021,11.5333,11.3716,11.4255,324,658,0.9524,2061
1168,2015-09-02,10.7788,11.3177,11.1021,11.3177,576,652,-0.9434,2061
1169,2015-09-03,12.0183,12.4495,12.0183,12.4495,2247,717,10.0,2061
1170,2015-09-04,12.4495,13.6352,12.4495,13.204,6096,761,6.0606,2061
1171,2015-09-07,12.4495,13.2579,12.8806,12.5034,1276,720,-5.3061,2061
1172,2015-09-08,12.3956,12.6651,12.5034,12.3956,627,714,-0.8621,2061
1173,2015-09-09,11.9644,12.5573,12.5034,11.9644,819,689,-3.4783,2061
1174,2015-09-10,12.2878,12.5034,12.2878,12.5034,1618,720,4.5045,2061
1175,2015-09-11,12.0722,12.5034,12.5034,12.0722,1953,696,-3.4483,2061
1176,2015-09-14,12.0722,12.5034,12.0722,12.3956,412,714,2.6786,2061
1177,2015-09-15,12.0722,12.2878,12.0722,12.2878,258,708,-0.8696,2061
1178,2015-09-16,11.9644,12.3956,12.3956,11.9644,558,689,-2.6316,2061
1179,2015-09-17,11.9644,12.18,12.0722,11.9644,548,689,0.0,2061
1180,2015-09-18,11.8567,11.9644,11.9644,11.8567,507,683,-0.9009,2061
1181,2015-09-21,11.8567,12.0183,11.8567,11.9644,465,689,0.9091,2061
1182,2015-09-22,11.9644,12.18,12.18,11.9644,468,689,0.0,2061
1183,2015-09-23,11.8567,12.3417,11.8567,12.0183,602,692,0.4505,2061
1184,2015-09-24,11.8567,12.0722,12.0183,12.0722,711,696,0.4484,2061
1185,2015-09-25,12.0183,12.1261,12.0722,12.1261,89,699,0.4464,2061
1186,2015-09-30,11.9644,12.0722,11.9644,12.0722,111,696,-0.4444,2061
1187,2015-10-01,11.9106,12.0722,11.9644,11.9106,254,686,-1.3393,2061
1188,2015-10-02,11.9106,12.0183,11.9106,12.0183,593,692,0.905,2061
1189,2015-10-05,11.9106,12.0183,11.9106,11.9644,265,689,-0.4484,2061
1190,2015-10-06,11.9106,12.3956,12.3956,11.9106,252,686,-0.4505,2061
1191,2015-10-07,11.7489,12.1261,12.0722,11.8567,1094,683,-0.4525,2061
1192,2015-10-08,11.7489,11.8567,11.8567,11.8567,373,683,0.0,2061
1193,2015-10-12,11.8028,12.0183,11.9644,11.8567,705,683,0.0,2061
1194,2015-10-13,11.8567,12.2878,12.2878,11.8567,189,683,0.0,2061
1195,2015-10-14,11.8567,12.1261,12.1261,11.8567,319,683,0.0,2061
1196,2015-10-15,11.8028,12.0183,11.8567,12.0183,736,692,1.3636,2061
1197,2015-10-16,11.9106,12.0722,12.0183,11.9106,155,686,-0.8969,2061
1198,2015-10-19,11.8567,12.0183,11.8567,11.8567,539,683,-0.4525,2061
1199,2015-10-20,11.8567,12.3417,11.9644,12.3417,1462,711,4.0909,2061
1200,2015-10-21,12.0722,12.6112,12.5034,12.2878,806,708,-0.4367,2061
1201,2015-10-22,12.2339,12.3956,12.2339,12.3417,289,711,0.4386,2061
1202,2015-10-23,12.1261,12.3956,12.3417,12.18,397,702,-1.31,2061
1203,2015-10-26,11.8028,12.0183,12.0183,12.0183,1178,692,-1.3274,2061
1204,2015-10-27,11.8567,11.9644,11.9644,11.9644,419,689,-0.4484,2061
1205,2015-10-28,11.8567,11.9644,11.9644,11.9106,352,686,-0.4505,2061
1206,2015-10-29,11.7489,11.9644,11.8567,11.7489,1029,677,-1.3575,2061
1207,2015-10-30,11.6411,12.0722,11.8567,12.0722,1898,696,2.7523,2061
1208,2015-11-02,11.8567,12.3417,12.0722,12.3417,1225,711,2.2321,2061
1209,2015-11-03,12.2339,12.4495,12.2878,12.2878,1268,708,-0.4367,2061
1210,2015-11-04,12.18,12.3956,12.2878,12.3956,1181,714,0.8772,2061
1211,2015-11-05,12.3417,12.3956,12.3956,12.3956,264,714,0.0,2061
1212,2015-11-06,12.2339,13.6352,12.3956,13.6352,5398,786,10.0,2061
1213,2015-11-09,13.9585,14.9825,13.9585,14.9825,11039,863,9.8814,2061
1214,2015-11-10,14.9825,16.0604,16.0604,15.4675,13738,891,3.2374,2061
1215,2015-11-11,15.4675,16.7071,15.6292,15.737,8891,907,1.7422,2061
1216,2015-11-12,15.0903,16.276,15.737,15.8448,7022,913,0.6849,2061
1217,2015-11-13,15.3059,16.1682,15.6292,15.7909,9839,910,-0.3401,2061
1218,2015-11-16,14.713,15.4675,15.3059,14.7669,5967,851,-6.4846,2061
1219,2015-11-17,14.5514,15.0903,14.7669,14.9825,3610,863,1.4599,2061
1220,2015-11-18,13.8507,14.7669,14.6591,14.5514,2610,838,-2.8777,2061
1221,2015-11-19,14.0124,14.5514,14.5514,14.228,1428,820,-2.2222,2061
1222,2015-11-20,13.9585,14.4975,14.4975,14.228,637,820,0.0,2061
1223,2015-11-23,13.6352,14.4436,14.3358,14.1202,1919,814,-0.7576,2061
1224,2015-11-24,13.5813,13.8507,13.7429,13.6352,838,786,-3.4351,2061
1225,2015-11-25,13.6352,14.1741,14.0124,13.6891,1646,789,0.3953,2061
1226,2015-11-26,13.6352,13.8507,13.7429,13.6352,912,786,-0.3937,2061
1227,2015-11-27,13.6891,13.9046,13.6891,13.6891,522,789,0.3953,2061
1228,2015-11-30,13.5813,13.9585,13.5813,13.7429,401,792,0.3937,2061
1229,2015-12-01,13.5813,14.0124,13.5813,13.7429,708,792,0.0,2061
1230,2015-12-02,13.3118,13.5813,13.5813,13.3657,1231,770,-2.7451,2061
1231,2015-12-03,13.3657,13.8507,13.3657,13.5274,313,779,1.2097,2061
1232,2015-12-04,13.0423,13.3657,13.204,13.3657,398,770,-1.1952,2061
1233,2015-12-07,13.5813,14.0124,13.5813,14.0124,179,807,4.8387,2061
1234,2015-12-08,13.9046,14.9825,14.0124,13.9046,632,801,-0.7692,2061
1235,2015-12-09,12.9345,13.8507,13.6891,13.7968,375,795,-0.7752,2061
1236,2015-12-10,13.4196,13.7968,13.4196,13.4735,214,776,-2.3438,2061
1237,2015-12-11,13.0423,13.6891,13.2579,13.6891,392,789,1.6,2061
1238,2015-12-14,13.5813,13.6352,13.5813,13.5813,57,783,-0.7874,2061
1239,2015-12-15,12.9345,13.204,13.204,12.9345,372,745,-4.7619,2061
1240,2015-12-16,12.9884,13.7968,12.9884,13.0423,499,751,0.8333,2061
1241,2015-12-17,13.1501,14.1202,13.4735,13.204,488,761,1.2397,2061
1242,2015-12-18,12.9345,13.4196,13.1501,12.9345,318,745,-2.0408,2061
1243,2015-12-21,12.9345,13.2579,13.2579,13.2579,500,764,2.5,2061
1244,2015-12-22,12.9884,13.3118,13.3118,13.1501,162,758,-0.813,2061
1245,2015-12-23,12.9345,13.1501,13.0962,12.9345,423,745,-1.6393,2061
1246,2015-12-24,12.8806,13.1501,13.1501,12.9345,675,745,0.0,2061
1247,2015-12-25,12.9345,13.2579,12.9345,13.204,399,761,2.0833,2061
1248,2015-12-28,13.1501,13.5274,13.3118,13.204,627,761,0.0,2061
1249,2015-12-29,12.9345,13.0423,13.0423,12.9345,164,745,-2.0408,2061
1250,2015-12-30,12.719,13.4735,13.4196,12.9884,2584,748,0.4167,2061
1251,2015-12-31,12.9884,13.3657,12.9884,13.3657,170,770,2.9046,2061
1252,2016-01-04,12.8267,12.9345,12.9345,12.8267,143,739,-4.0323,2061
1253,2016-01-05,12.3956,12.8267,12.8267,12.3956,306,714,-3.3613,2061
1254,2016-01-06,11.8567,12.3956,12.3956,11.9106,674,686,-3.913,2061
1255,2016-01-07,11.8567,12.3956,12.3956,11.8567,787,683,-0.4525,2061
1256,2016-01-08,11.9644,12.2339,11.9644,12.2339,223,705,3.1818,2061
1257,2016-01-11,11.7489,11.8567,11.8567,11.8567,98,683,-3.0837,2061
1258,2016-01-12,11.5872,12.2339,11.5872,11.5872,472,668,-2.2727,2061
1259,2016-01-13,11.3177,11.8567,11.8567,11.3716,239,655,-1.8605,2061
1260,2016-01-14,10.9405,11.5872,11.5872,11.3177,196,652,-0.4739,2061
1261,2016-01-15,10.7788,11.3177,11.3177,10.8327,780,624,-4.2857,2061
1262,2016-01-18,10.671,10.9944,10.9944,10.7788,253,621,-0.4975,2061
1263,2016-01-19,10.8327,11.2099,10.8327,10.9405,223,630,1.5,2061
1264,2016-01-20,10.8327,10.9944,10.9944,10.8327,234,624,-0.9852,2061
1265,2016-01-21,10.7788,10.8327,10.7788,10.8327,40,624,0.0,2061
1266,2016-01-22,10.7788,11.2099,11.2099,10.9944,1210,633,1.4925,2061
1267,2016-01-25,10.7788,11.1021,10.9405,11.1021,313,640,0.9804,2061
1268,2016-01-26,10.7788,11.2638,11.1021,11.2638,1374,649,1.4563,2061
1269,2016-01-27,11.2099,11.5333,11.4255,11.4794,367,661,1.9139,2061
1270,2016-01-28,11.156,11.4255,11.4255,11.2638,364,649,-1.8779,2061
1271,2016-01-29,11.2099,11.4255,11.4255,11.2638,659,649,0.0,2061
1272,2016-01-30,11.1021,11.4255,11.156,11.4255,626,658,1.4354,2061
1273,2016-02-01,11.4255,11.8567,11.4255,11.7489,616,677,2.8302,2061
1274,2016-02-02,11.6411,12.0722,12.0722,12.0722,426,696,2.7523,2061
1275,2016-02-03,11.8567,12.18,12.0722,12.0722,960,696,0.0,2061
1276,2016-02-15,12.0722,12.5034,12.0722,12.2339,807,705,1.3393,2061
1277,2016-02-16,12.2339,12.4495,12.2339,12.2878,432,708,0.4405,2061
1278,2016-02-17,12.1261,12.3417,12.2339,12.3417,726,711,0.4386,2061
1279,2016-02-18,12.0722,12.3417,12.18,12.3417,407,711,0.0,2061
1280,2016-02-19,11.9106,12.1261,12.1261,11.9106,123,686,-3.4934,2061
1281,2016-02-22,12.0183,13.0962,13.0962,12.0183,761,692,0.905,2061
1282,2016-02-23,11.8567,12.0722,12.0722,11.8567,410,683,-1.3453,2061
1283,2016-02-24,11.9106,12.3956,12.0722,12.3956,1114,714,4.5455,2061
1284,2016-02-25,11.9106,12.18,12.18,11.9644,758,689,-3.4783,2061
1285,2016-02-26,11.6411,11.8567,11.8567,11.6411,807,671,-2.7027,2061
1286,2016-03-01,11.2099,11.6411,11.6411,11.2099,564,646,-3.7037,2061
1287,2016-03-02,11.2099,11.9644,11.2099,11.8567,4405,683,5.7692,2061
1288,2016-03-03,11.8567,13.0423,11.8567,13.0423,17226,751,10.0,2061
1289,2016-03-04,12.719,13.4735,12.7729,12.9884,1875,748,-0.4132,2061
1290,2016-03-07,12.6112,12.9884,12.6112,12.719,897,733,-2.0747,2061
1291,2016-03-08,12.719,12.9884,12.9884,12.8267,1210,739,0.8475,2061
1292,2016-03-09,12.8267,12.9884,12.9345,12.8806,563,742,0.4202,2061
1293,2016-03-10,12.8267,13.1501,13.1501,12.9345,828,745,0.4184,2061
1294,2016-03-11,12.6651,12.9345,12.9345,12.6651,633,730,-2.0833,2061
1295,2016-03-14,12.5034,13.6352,13.6352,12.5034,2833,720,-1.2766,2061
1296,2016-03-15,12.3956,12.9345,12.719,12.6651,1445,730,1.2931,2061
1297,2016-03-16,12.3956,12.8267,12.719,12.4495,721,717,-1.7021,2061
1298,2016-03-17,12.2878,12.5034,12.2878,12.5034,265,720,0.4329,2061
1299,2016-03-18,12.1261,12.5034,12.5034,12.4495,80,717,-0.431,2061
1300,2016-03-21,12.1261,12.5034,12.4495,12.1261,80,699,-2.5974,2061
1301,2016-03-22,11.9106,12.1261,12.1261,12.1261,223,699,0.0,2061
1302,2016-03-23,11.8567,12.3956,12.0183,12.0722,492,696,-0.4444,2061
1303,2016-03-24,11.2099,11.9106,11.9106,11.2099,1611,646,-7.1429,2061
1304,2016-03-25,10.9405,11.5333,11.2099,11.1021,1082,640,-0.9615,2061
1305,2016-03-28,11.1021,11.2638,11.1021,11.156,5288,643,0.4854,2061
1306,2016-03-29,11.2638,11.8567,11.2638,11.8028,1294,680,5.7971,2061
1307,2016-03-30,11.4794,11.8567,11.6411,11.8567,1112,683,0.4566,2061
1308,2016-03-31,11.7489,11.8567,11.7489,11.8567,329,683,0.0,2061
1309,2016-04-01,11.7489,12.1261,11.8567,11.8567,652,683,0.0,2061
1310,2016-04-06,11.6411,11.8567,11.8567,11.8567,220,683,0.0,2061
1311,2016-04-07,11.4255,11.8567,11.5872,11.8567,317,683,0.0,2061
1312,2016-04-08,11.2638,12.0722,11.2638,11.9644,166,689,0.9091,2061
1313,2016-04-11,11.1021,11.8567,11.1021,11.8567,117,683,-0.9009,2061
1314,2016-04-12,11.4255,11.6411,11.5333,11.6411,536,671,-1.8182,2061
1315,2016-04-13,11.1021,11.6411,11.4255,11.2638,422,649,-3.2407,2061
1316,2016-04-14,11.1021,11.5333,11.3177,11.4255,262,658,1.4354,2061
1317,2016-04-15,10.8327,11.3177,11.2638,11.156,580,643,-2.3585,2061
1318,2016-04-18,10.8866,11.1021,10.9944,11.1021,194,640,-0.4831,2061
1319,2016-04-19,10.8327,10.9944,10.9944,10.9405,225,630,-1.4563,2061
1320,2016-04-20,10.5955,10.9405,10.9405,10.671,799,615,-2.4631,2061
1321,2016-04-21,10.6171,11.3177,10.768,10.6494,689,614,-0.202,2061
1322,2016-04-22,10.5093,10.6494,10.6494,10.5093,1553,605,-1.3158,2061
1323,2016-04-25,10.5093,10.7572,10.5093,10.7572,4786,620,2.359,2061
1324,2016-04-26,10.6171,11.1021,10.768,10.8866,482,627,1.2024,2061
1325,2016-04-27,10.7249,10.9405,10.9405,10.9405,392,630,0.495,2061
1326,2016-04-28,10.5093,10.7788,10.7788,10.7788,631,621,-1.4778,2061
1327,2016-04-29,10.5524,10.9405,10.5524,10.671,1210,615,-1.0,2061
1328,2016-05-03,10.574,10.7788,10.671,10.7788,187,621,1.0101,2061
1329,2016-05-04,10.1321,10.768,10.671,10.2398,1031,590,-5.0,2061
1330,2016-05-05,10.035,10.2398,10.035,10.1644,520,586,-0.7368,2061
1331,2016-05-06,10.035,10.1859,10.1644,10.1859,205,587,0.2121,2061
1332,2016-05-09,9.938,10.3476,10.3476,10.1859,120,587,0.0,2061
1333,2016-05-10,10.0243,10.283,10.283,10.1321,226,584,-0.5291,2061
1334,2016-05-11,10.1321,10.5632,10.5632,10.4446,355,602,3.0851,2061
1335,2016-05-12,10.1859,10.7788,10.3369,10.6494,2902,614,1.9608,2061
1336,2016-05-13,10.4015,10.6494,10.6494,10.4554,339,602,-1.8219,2061
1337,2016-05-16,10.0135,10.4554,10.0135,10.2937,280,593,-1.5464,2061
1338,2016-05-17,10.0566,10.5093,10.1321,10.5093,457,605,2.0942,2061
1339,2016-05-18,10.4015,10.5632,10.4554,10.4554,504,602,-0.5128,2061
1340,2016-05-19,10.2614,10.5632,10.2614,10.5632,144,609,1.0309,2061
1341,2016-05-20,10.1859,10.5524,10.1859,10.3584,212,597,-1.9388,2061
1342,2016-05-23,10.2937,10.4015,10.3584,10.4015,201,599,0.4162,2061
1343,2016-05-24,10.2398,10.5524,10.4554,10.5524,106,608,1.4508,2061
1344,2016-05-25,10.4554,10.7788,10.5093,10.4554,327,602,-0.9193,2061
1345,2016-05-26,10.2937,10.671,10.5632,10.5848,339,610,1.2371,2061
1346,2016-05-27,10.1644,10.6602,10.6602,10.3476,448,596,-2.2403,2061
1347,2016-05-30,10.1428,10.3476,10.3476,10.1428,152,584,-1.9792,2061
1348,2016-05-31,10.0243,10.4015,10.3476,10.1428,188,584,0.0,2061
1349,2016-06-01,10.0243,10.1428,10.0243,10.1428,112,584,0.0,2061
1350,2016-06-02,10.0243,10.035,10.0243,10.035,139,578,-1.0627,2061
1351,2016-06-03,10.035,10.035,10.035,10.035,195,578,0.0,2061
1352,2016-06-04,10.3153,10.3153,10.3153,10.3153,9,594,2.7927,2061
1353,2016-06-06,9.9165,9.9704,9.938,9.9704,276,574,-3.3438,2061
1354,2016-06-07,9.8087,10.0243,10.0243,9.9704,129,574,0.0,2061
1355,2016-06-08,9.8087,9.9704,9.9165,9.8195,146,566,-1.5135,2061
1356,2016-06-13,9.6039,9.7009,9.6039,9.7009,254,559,-1.2075,2061
1357,2016-06-14,9.9165,9.9165,9.9165,9.9165,27,571,2.2222,2061
1358,2016-06-15,9.9165,9.9165,9.9165,9.9165,165,571,0.0,2061
1359,2016-06-16,9.7009,9.9812,9.9165,9.9812,410,575,0.6522,2061
1360,2016-06-17,9.9812,9.9812,9.9812,9.9812,0,575,0.0,2061
1361,2016-06-20,9.7009,9.9812,9.9812,9.9596,219,574,-0.216,2061
1362,2016-06-21,9.7009,9.9057,9.7117,9.7225,99,560,-2.381,2061
1363,2016-06-22,9.7009,9.8087,9.7225,9.7009,144,559,-0.2217,2061
1364,2016-06-23,9.647,9.7009,9.7009,9.7009,413,559,0.0,2061
1365,2016-06-24,9.162,9.7009,9.7009,9.4853,773,546,-2.2222,2061
1366,2016-06-27,9.2698,9.8087,9.7009,9.2698,201,534,-2.2727,2061
1367,2016-06-28,9.162,9.3775,9.2698,9.356,785,539,0.9302,2061
1368,2016-06-29,9.162,9.3775,9.2698,9.3668,759,540,0.1152,2061
1369,2016-06-30,9.0003,9.1727,9.162,9.0542,734,522,-3.3372,2061
1370,2016-07-01,8.9464,9.1081,9.0542,9.1081,419,525,0.5952,2061
1371,2016-07-04,8.3104,9.0003,9.0003,8.72,999,502,-4.2604,2061
1372,2016-07-05,8.5152,8.7308,8.623,8.7308,487,503,0.1236,2061
1373,2016-07-06,8.4613,8.623,8.623,8.623,158,497,-1.2346,2061
1374,2016-07-07,8.2458,8.4182,8.4182,8.2997,1248,478,-3.75,2061
1375,2016-07-11,8.1488,8.4074,8.2997,8.2134,1184,473,-1.039,2061
1376,2016-07-12,8.0841,8.2673,8.2242,8.1056,1175,467,-1.3123,2061
1377,2016-07-13,8.0841,8.9141,8.1056,8.5476,3421,492,5.4521,2061
1378,2016-07-14,8.2027,8.4398,8.4074,8.2458,1039,475,-3.5309,2061
1379,2016-07-15,8.2134,8.4829,8.4829,8.2997,792,478,0.6536,2061
1380,2016-07-18,8.1919,8.2889,8.2781,8.2134,229,473,-1.039,2061
1381,2016-07-19,8.332,8.8278,8.3859,8.623,2851,497,4.9869,2061
1382,2016-07-20,8.5152,8.8386,8.7955,8.623,2034,497,0.0,2061
1383,2016-07-21,8.5907,8.7847,8.7739,8.6554,2172,499,0.375,2061
1384,2016-07-22,8.6661,9.2266,8.7308,8.9033,3492,513,2.8643,2061
1385,2016-07-25,8.6015,8.9464,8.9464,8.6985,1530,501,-2.3002,2061
1386,2016-07-26,8.7093,9.0973,8.7847,8.7093,654,502,0.1239,2061
1387,2016-07-27,8.5691,8.7093,8.7093,8.623,872,497,-0.9901,2061
1388,2016-07-28,8.332,8.623,8.332,8.623,490,497,0.0,2061
1389,2016-07-29,8.4398,8.5368,8.526,8.5152,897,490,-1.25,2061
1390,2016-08-01,8.4074,8.5907,8.4398,8.5907,3028,495,0.8861,2061
1391,2016-08-02,8.4182,8.526,8.526,8.526,1058,491,-0.7528,2061
1392,2016-08-03,8.4182,8.5476,8.4182,8.5476,1381,492,0.2528,2061
1393,2016-08-04,8.3859,8.4937,8.4398,8.4074,983,484,-1.6393,2061
1394,2016-08-05,8.4074,8.4829,8.4829,8.4613,47,487,0.641,2061
1395,2016-08-08,8.4074,8.429,8.4074,8.429,101,485,-0.3822,2061
1396,2016-08-09,8.2781,8.4074,8.4074,8.3536,714,481,-0.8951,2061
1397,2016-08-10,8.2997,8.9141,8.2997,8.526,715,491,2.0645,2061
1398,2016-08-11,8.4182,8.6122,8.6122,8.4182,86,485,-1.2642,2061
1399,2016-08-12,8.3104,8.3967,8.3104,8.3751,287,482,-0.5122,2061
1400,2016-08-15,8.3643,8.3859,8.3643,8.3859,233,482,0.1287,2061
1401,2016-08-16,8.3104,8.4074,8.3859,8.3859,519,482,0.0,2061
1402,2016-08-17,8.3536,8.3967,8.3967,8.3751,621,482,-0.1285,2061
1403,2016-08-18,8.2997,8.3967,8.3536,8.3104,549,478,-0.7722,2061
1404,2016-08-19,8.2458,8.3212,8.2565,8.2997,330,477,-0.1297,2061
1405,2016-08-22,8.1919,8.2781,8.2781,8.2027,815,472,-1.1688,2061
1406,2016-08-23,8.0841,8.1703,8.0841,8.1056,609,466,-1.1827,2061
1407,2016-08-24,8.0841,8.1164,8.1056,8.1056,1113,466,0.0,2061
1408,2016-08-25,8.0841,8.1811,8.0841,8.1811,203,471,0.9309,2061
1409,2016-08-26,8.0949,8.2242,8.0949,8.2134,1172,473,0.3953,2061
1410,2016-08-29,8.2673,8.4937,8.4506,8.4937,288,489,3.4121,2061
1411,2016-08-30,8.4613,8.5691,8.4937,8.5584,497,492,0.7614,2061
1412,2016-08-31,8.4182,8.5691,8.5691,8.526,267,491,-0.3778,2061
1413,2016-09-01,8.2997,8.4074,8.3104,8.3536,102,481,-2.0228,2061
1414,2016-09-02,8.1056,8.2781,8.2781,8.2781,1141,476,-0.9032,2061
1415,2016-09-05,7.4589,8.3536,8.3536,7.4589,1031,429,-9.8958,2061
1416,2016-09-06,7.502,8.2027,7.502,8.2027,1744,472,9.9711,2061
1417,2016-09-07,8.1056,8.4074,8.1056,8.2997,1498,477,1.1827,2061
1418,2016-09-08,8.1488,8.9464,8.3536,8.9464,1643,515,7.7922,2061
1419,2016-09-09,8.6338,9.0542,9.0542,8.8602,945,510,-0.9639,2061
1420,2016-09-10,8.7416,8.8063,8.7416,8.7524,259,504,-1.2165,2061
1421,2016-09-12,8.7631,8.9679,8.9679,8.7631,221,504,0.1232,2061
1422,2016-09-13,8.7524,8.9033,8.7524,8.9033,368,512,1.599,2061
1423,2016-09-14,8.8386,8.9033,8.8817,8.8386,304,509,-0.7264,2061
1424,2016-09-19,8.8386,8.8386,8.8386,8.8386,287,509,0.0,2061
1425,2016-09-20,8.6122,9.0326,9.0326,8.6769,178,499,-1.8293,2061
1426,2016-09-21,8.6338,8.7308,8.7308,8.6338,297,497,-0.4969,2061
1427,2016-09-22,8.6338,8.7416,8.6985,8.72,249,502,0.9988,2061
1428,2016-09-23,8.623,8.6554,8.6554,8.623,208,496,-1.1125,2061
1429,2016-09-26,8.623,8.623,8.623,8.623,128,496,0.0,2061
1430,2016-09-29,8.623,8.9356,8.623,8.7308,494,502,1.25,2061
1431,2016-09-30,8.6877,8.8278,8.7308,8.6877,721,500,-0.4938,2061
1432,2016-10-03,8.5799,8.6877,8.6338,8.5799,679,494,-1.2407,2061
1433,2016-10-04,8.5152,8.6338,8.5799,8.5152,1063,490,-0.7538,2061
1434,2016-10-05,8.5152,8.623,8.623,8.5152,798,490,0.0,2061
1435,2016-10-06,8.2997,8.5584,8.2997,8.4182,445,484,-1.1392,2061
1436,2016-10-07,8.4074,8.4182,8.4182,8.4074,171,484,-0.128,2061
1437,2016-10-11,8.0841,8.429,8.429,8.1919,2643,471,-2.5641,2061
1438,2016-10-12,8.0733,8.2997,8.2997,8.0841,829,465,-1.3158,2061
1439,2016-10-13,8.0625,8.2134,8.0841,8.1919,578,471,1.3333,2061
1440,2016-10-14,8.0949,8.2565,8.2134,8.0949,158,466,-1.1842,2061
1441,2016-10-17,8.0841,8.235,8.0841,8.2134,135,473,1.4647,2061
1442,2016-10-18,8.0841,8.2134,8.2134,8.2134,52,473,0.0,2061
1443,2016-10-19,8.1919,8.3104,8.2458,8.2889,207,477,0.9186,2061
1444,2016-10-20,8.0841,8.2781,8.0841,8.2781,630,476,-0.13,2061
1445,2016-10-21,8.1164,8.2889,8.1164,8.2889,145,477,0.1302,2061
1446,2016-10-24,8.138,8.429,8.1488,8.3751,541,482,1.0403,2061
1447,2016-10-25,8.2997,8.3967,8.2997,8.3967,631,483,0.2574,2061
1448,2016-10-26,8.2027,8.5045,8.3967,8.5045,170,489,1.2837,2061
1449,2016-10-27,8.3536,8.4937,8.3751,8.4937,272,489,-0.1267,2061
1450,2016-10-28,8.3859,8.4937,8.3859,8.4937,288,489,0.0,2061
1451,2016-10-31,8.3751,8.5045,8.5045,8.3751,173,482,-1.3959,2061
1452,2016-11-01,8.3751,8.3967,8.3967,8.3859,334,482,0.1287,2061
1453,2016-11-02,8.2889,8.5045,8.3751,8.5045,31,489,1.4139,2061
1454,2016-11-03,8.2889,8.5045,8.5045,8.2889,23,477,-2.5349,2061
1455,2016-11-04,8.2458,8.4074,8.4074,8.4074,519,484,1.4304,2061
1456,2016-11-07,8.2997,8.5907,8.4074,8.4613,151,487,0.641,2061
1457,2016-11-08,8.4937,8.4937,8.4937,8.4937,15,489,0.3822,2061
1458,2016-11-09,8.2565,8.5691,8.4074,8.2997,1064,477,-2.2843,2061
1459,2016-11-10,8.2997,8.2997,8.2997,8.2997,15,477,0.0,2061
1460,2016-11-11,8.2997,8.4074,8.2997,8.4074,747,484,1.2987,2061
1461,2016-11-14,8.2781,8.4613,8.4613,8.2997,7123,477,-1.2821,2061
1462,2016-11-15,8.2027,8.4613,8.4613,8.4398,2931,486,1.6883,2061
1463,2016-11-16,8.2997,8.3536,8.2997,8.2997,69,477,-1.6603,2061
1464,2016-11-17,8.2458,8.3536,8.2997,8.3536,208,481,0.6494,2061
1465,2016-11-18,8.3536,8.4182,8.3536,8.3643,459,481,0.129,2061
1466,2016-11-21,8.3643,8.3967,8.3643,8.3967,109,483,0.3866,2061
1467,2016-11-22,8.3536,8.7308,8.4613,8.526,1175,491,1.5404,2061
1468,2016-11-23,8.4937,9.3775,8.4937,9.3129,4278,536,9.2288,2061
1469,2016-11-24,8.9572,9.4853,9.3775,9.4099,1844,541,1.0417,2061
1470,2016-11-25,9.1835,9.3021,9.2698,9.2374,446,531,-1.8328,2061
1471,2016-11-28,8.9679,9.3775,9.2698,9.162,1380,527,-0.8168,2061
1472,2016-11-29,9.0757,9.2482,9.162,9.2482,949,532,0.9412,2061
1473,2016-11-30,9.0542,9.2805,9.2698,9.162,1214,527,-0.9324,2061
1474,2016-12-01,9.065,9.1943,9.0757,9.1512,619,527,-0.1176,2061
1475,2016-12-02,9.0542,9.259,9.0542,9.2159,330,530,0.7067,2061
1476,2016-12-05,9.162,9.3236,9.162,9.2159,403,530,0.0,2061
1477,2016-12-06,9.2698,10.1321,9.3129,9.7548,1167,561,5.848,2061
1478,2016-12-07,9.7009,9.841,9.7548,9.7009,1292,558,-0.5525,2061
1479,2016-12-08,9.7009,9.7225,9.7009,9.7117,640,559,0.1111,2061
1480,2016-12-09,9.55,9.7117,9.7117,9.7009,258,558,-0.111,2061
1481,2016-12-12,9.5284,9.9919,9.9919,9.5931,196,552,-1.1111,2061
1482,2016-12-13,9.1727,9.7009,9.6901,9.5392,279,549,-0.5618,2061
1483,2016-12-14,9.3775,9.5177,9.5177,9.4099,323,541,-1.3559,2061
1484,2016-12-15,9.2698,9.4099,9.4099,9.3236,328,536,-0.9164,2061
1485,2016-12-16,9.3236,9.5716,9.3236,9.3775,209,540,0.578,2061
1486,2016-12-19,9.2698,9.647,9.2698,9.4853,254,546,1.1494,2061
1487,2016-12-20,9.4853,9.5716,9.4853,9.4853,519,546,0.0,2061
1488,2016-12-21,9.162,9.3883,9.3883,9.356,518,538,-1.3636,2061
1489,2016-12-22,9.1081,9.3236,9.2159,9.3236,433,536,-0.3456,2061
1490,2016-12-23,9.1404,9.1404,9.1404,9.1404,25,526,-1.9653,2061
1491,2016-12-26,9.0542,9.1404,9.1296,9.0542,117,521,-0.9434,2061
1492,2016-12-27,9.0757,9.1081,9.1081,9.0757,118,522,0.2381,2061
1493,2016-12-28,9.162,9.2159,9.162,9.162,221,527,0.9501,2061
1494,2016-12-29,9.162,9.2698,9.162,9.2698,280,533,1.1765,2061
1495,2016-12-30,9.1081,9.4314,9.4314,9.162,663,527,-1.1628,2061
1496,2017-01-03,9.0757,9.2698,9.2698,9.1081,274,524,-0.5882,2061
1497,2017-01-04,9.1296,9.2698,9.2698,9.2482,42,532,1.5385,2061
1498,2017-01-05,9.2482,9.453,9.2482,9.453,353,544,2.2145,2061
1499,2017-01-06,9.162,9.453,9.453,9.4099,538,541,-0.4561,2061
1500,2017-01-09,9.065,9.3452,9.2482,9.3452,831,538,-0.6873,2061
1501,2017-01-10,9.1188,9.55,9.1835,9.3991,1455,541,0.5767,2061
1502,2017-01-11,9.2698,9.3991,9.3991,9.3668,301,539,-0.344,2061
1503,2017-01-12,9.162,9.3775,9.162,9.3668,473,539,0.0,2061
1504,2017-01-13,9.2159,9.356,9.2159,9.356,274,538,-0.1151,2061
1505,2017-01-16,9.2374,9.356,9.2698,9.356,697,538,0.0,2061
1506,2017-01-17,9.1835,9.3991,9.3344,9.2698,639,533,-0.9217,2061
1507,2017-01-18,9.3344,9.4745,9.4314,9.4422,775,543,1.8605,2061
1508,2017-01-19,9.4207,9.8626,9.4207,9.4853,1324,546,0.4566,2061
1509,2017-01-20,9.3775,9.4853,9.4853,9.4853,729,546,0.0,2061
1510,2017-01-23,9.3991,9.4853,9.4853,9.3991,119,541,-0.9091,2061
1511,2017-01-24,9.3991,9.6901,9.4853,9.5716,350,551,1.8349,2061
1512,2017-02-02,9.5716,9.8087,9.7009,9.7548,617,561,1.9144,2061
1513,2017-02-03,9.8087,10.0243,9.8087,9.9165,715,571,1.6575,2061
1514,2017-02-06,9.9273,10.8866,9.938,10.8866,4739,626,9.7826,2061
1515,2017-02-07,10.0243,10.6602,10.6171,10.2398,2373,589,-5.9406,2061
1516,2017-02-08,10.035,10.5309,10.2183,10.5093,2332,605,2.6316,2061
1517,2017-02-09,10.0889,10.4554,10.4554,10.4015,1959,599,-1.0256,2061
1518,2017-02-10,9.9704,10.4878,10.2614,10.3692,2417,597,-0.3109,2061
1519,2017-02-13,10.1859,10.5093,10.5093,10.2506,1555,590,-1.1435,2061
1520,2017-02-14,10.0997,10.3476,10.2614,10.283,2005,592,0.3155,2061
1521,2017-02-15,10.2398,10.5093,10.2398,10.283,906,592,0.0,2061
1522,2017-02-16,10.1752,10.4446,10.283,10.2506,1279,590,-0.3145,2061
1523,2017-02-17,10.1213,10.2937,10.2506,10.2722,1126,591,0.2103,2061
1524,2017-02-18,10.1536,10.3476,10.2398,10.3476,940,595,0.7345,2061
1525,2017-02-20,10.2398,10.4446,10.3369,10.4231,1312,600,0.7292,2061
1526,2017-02-21,10.3153,10.4231,10.4231,10.4231,750,600,0.0,2061
1527,2017-02-22,10.3153,10.5416,10.3692,10.477,811,603,0.5171,2061
1528,2017-02-23,10.2614,10.4554,10.3907,10.4554,412,602,-0.2058,2061
1529,2017-02-24,10.2722,10.4662,10.4554,10.4446,271,601,-0.1031,2061
1530,2017-03-01,10.2937,10.4554,10.2937,10.4554,505,602,0.1032,2061
1531,2017-03-02,10.2722,10.477,10.477,10.2937,814,592,-1.5464,2061
1532,2017-03-03,10.1859,10.3476,10.2506,10.2722,294,591,-0.2094,2061
1533,2017-03-06,10.2183,10.3476,10.3153,10.3476,859,595,0.7345,2061
1534,2017-03-07,10.1644,10.3476,10.3476,10.1859,537,586,-1.5625,2061
1535,2017-03-08,9.8949,10.1321,10.1321,9.8949,1346,569,-2.8571,2061
1536,2017-03-09,9.8949,10.1105,9.9812,10.0135,1047,576,1.1983,2061
1537,2017-03-10,9.9596,10.2398,10.2398,10.0135,998,576,0.0,2061
1538,2017-03-13,9.9165,10.1859,10.0243,10.0135,558,576,0.0,2061
1539,2017-03-14,9.7009,10.0674,10.0674,9.8734,823,568,-1.3994,2061
1540,2017-03-15,9.7225,9.8087,9.7548,9.7764,553,563,-0.9825,2061
1541,2017-03-16,9.8626,9.9057,9.9057,9.8626,28,567,0.882,2061
1542,2017-03-17,9.7225,9.8626,9.8087,9.841,423,566,-0.2186,2061
1543,2017-03-20,9.7225,9.8841,9.841,9.8841,374,569,0.4381,2061
1544,2017-03-21,9.8087,10.0135,10.0135,9.8195,384,565,-0.6543,2061
1545,2017-03-22,9.7009,10.1967,9.7871,10.1644,1571,585,3.5126,2061
1546,2017-03-23,9.9812,10.2075,10.1644,10.2075,477,587,0.4242,2061
1547,2017-03-24,10.0566,10.2075,10.2075,10.1536,468,584,-0.528,2061
1548,2017-03-27,10.0566,10.0566,10.0566,10.0566,20,579,-0.9554,2061
1549,2017-03-28,9.9488,10.1105,9.9488,10.1105,704,582,0.5359,2061
1550,2017-03-29,9.9812,10.2291,10.2291,10.1752,701,585,0.6397,2061
1551,2017-03-30,10.1428,10.2722,10.2614,10.2722,1867,591,0.9534,2061
1552,2017-03-31,10.1752,10.4015,10.3261,10.4015,5020,599,1.2592,2061
1553,2017-04-05,10.5309,11.4255,10.6171,11.4255,12856,657,9.8446,2061
1554,2017-04-06,10.8327,11.3177,11.3177,10.9944,8343,633,-3.7736,2061
1555,2017-04-07,10.4554,11.0482,10.9944,10.7788,7367,620,-1.9608,2061
1556,2017-04-10,10.5201,10.7249,10.7249,10.6387,2796,612,-1.3,2061
1557,2017-04-11,10.5955,10.7788,10.6387,10.7033,1382,616,0.6079,2061
1558,2017-04-12,10.4446,10.6171,10.6171,10.477,2642,603,-2.1148,2061
1559,2017-04-13,10.2722,10.4446,10.4446,10.4446,1928,601,-0.3086,2061
1560,2017-04-14,10.1321,10.3261,10.3045,10.1321,2576,583,-2.9928,2061
1561,2017-04-17,10.0135,10.0782,10.0782,10.0135,960,576,-1.1702,2061
1562,2017-04-18,9.9704,10.0243,10.0243,9.9704,695,574,-0.4306,2061
1563,2017-04-19,9.7871,9.938,9.938,9.8087,637,564,-1.6216,2061
1564,2017-04-20,9.7332,9.8302,9.8087,9.7332,417,560,-0.7692,2061
1565,2017-04-21,9.7548,10.0135,9.7548,10.0135,402,576,2.8793,2061
1566,2017-04-24,9.9273,10.0674,10.0135,9.9273,1124,571,-0.8611,2061
1567,2017-04-25,9.841,9.938,9.938,9.9273,340,571,0.0,2061
1568,2017-04-26,9.7871,9.9057,9.9057,9.8949,1140,569,-0.3257,2061
1569,2017-04-27,9.8087,10.035,10.035,9.8734,631,568,-0.2179,2061
1570,2017-04-28,9.8087,9.8841,9.8841,9.8087,721,564,-0.655,2061
1571,2017-05-02,9.7548,10.035,10.035,9.8949,874,569,0.8791,2061
1572,2017-05-03,9.8087,10.1105,9.8087,10.0566,203,579,1.634,2061
1573,2017-05-04,9.9165,10.0458,9.9165,10.0458,83,578,-0.1072,2061
1574,2017-05-05,9.8087,10.0243,9.9057,10.0243,1008,577,-0.2146,2061
1575,2017-05-08,9.8195,10.0243,10.0135,9.8626,441,567,-1.6129,2061
1576,2017-05-09,9.7009,9.9704,9.9704,9.8734,996,568,0.1093,2061
1577,2017-05-10,9.8626,10.0243,9.8949,10.0243,1187,577,1.5284,2061
1578,2017-05-11,9.9165,10.0889,10.0889,9.9165,279,571,-1.0753,2061
1579,2017-05-12,9.9273,10.3907,10.0243,10.1536,655,584,2.3913,2061
1580,2017-05-15,10.38,10.7464,10.38,10.5093,2281,605,3.5032,2061
1581,2017-05-16,10.38,10.5632,10.5201,10.5093,796,605,0.0,2061
1582,2017-05-17,10.3476,10.6387,10.6387,10.4554,572,602,-0.5128,2061
1583,2017-05-18,10.3153,10.5201,10.5093,10.3153,96,594,-1.3402,2061
1584,2017-05-19,10.3369,10.4554,10.4554,10.3476,279,595,0.3135,2061
1585,2017-05-22,10.283,10.3476,10.3476,10.283,86,592,-0.625,2061
1586,2017-05-23,10.1859,10.3692,10.1859,10.3584,1005,596,0.7338,2061
1587,2017-05-24,10.2398,10.5524,10.2398,10.4339,847,600,0.7284,2061
1588,2017-05-25,10.3153,10.6494,10.4339,10.4231,1468,600,-0.1033,2061
1589,2017-05-26,10.3692,10.5632,10.5201,10.5632,1173,608,1.3444,2061
1590,2017-05-31,10.5955,11.5872,10.5955,11.5872,15344,667,9.6939,2061
1591,2017-06-01,10.9405,11.5872,11.4255,11.3177,7778,651,-2.3256,2061
1592,2017-06-02,10.9944,11.3177,11.3177,11.1021,1931,639,-1.9048,2061
1593,2017-06-03,10.9944,11.4255,11.1021,11.2099,1886,645,0.9709,2061
1594,2017-06-05,11.1021,11.5333,11.4255,11.3177,1498,651,0.9615,2061
1595,2017-06-06,10.9405,11.3177,11.3177,11.0482,2140,636,-2.381,2061
1596,2017-06-07,10.7788,11.156,11.0482,10.9944,4764,633,-0.4878,2061
1597,2017-06-08,10.8866,11.0482,11.0482,10.9944,374,633,0.0,2061
1598,2017-06-09,10.9944,11.4255,11.1021,11.156,1391,642,1.4706,2061
1599,2017-06-12,10.9405,11.156,11.156,10.9944,724,633,-1.4493,2061
1600,2017-06-13,10.9405,11.2638,10.9405,11.156,1275,642,1.4706,2061
1601,2017-06-14,11.1021,11.6411,11.2638,11.156,3972,642,0.0,2061
1602,2017-06-15,10.8327,11.3716,11.156,11.2099,864,645,0.4831,2061
1603,2017-06-16,10.8866,11.2638,11.2099,11.0482,1328,636,-1.4423,2061
1604,2017-06-19,10.9405,11.156,11.0482,10.9944,1215,633,-0.4878,2061
1605,2017-06-20,10.8327,11.0482,11.0482,10.8327,1407,623,-1.4706,2061
1606,2017-06-21,10.7788,10.9944,10.9944,10.8327,1735,623,0.0,2061
1607,2017-06-22,10.7464,10.9944,10.9405,10.7464,1895,618,-0.796,2061
1608,2017-06-23,10.7464,10.8327,10.8327,10.7464,898,618,0.0,2061
1609,2017-06-26,10.7141,10.9944,10.9944,10.7249,558,617,-0.2006,2061
1610,2017-06-27,10.671,10.8327,10.7788,10.8327,331,623,1.005,2061
1611,2017-06-28,10.5955,10.9405,10.9405,10.8866,1214,626,0.4975,2061
1612,2017-06-29,10.7357,10.8327,10.7788,10.8327,270,623,-0.495,2061
1613,2017-06-30,10.768,10.8866,10.768,10.8866,551,626,0.4975,2061
1614,2017-07-03,10.7788,10.9944,10.8866,10.9944,455,633,0.9901,2061
1615,2017-07-04,10.8327,10.9944,10.9944,10.9405,161,630,-0.4902,2061
1616,2017-07-05,10.671,10.9944,10.9944,10.9944,806,633,0.4926,2061
1617,2017-07-06,10.8327,11.1021,11.1021,10.9944,223,633,0.0,2061
1618,2017-07-07,10.8866,11.1021,10.9944,11.0482,459,636,0.4902,2061
1619,2017-07-10,10.9944,11.156,11.156,11.156,1129,642,0.9756,2061
1620,2017-07-11,10.9405,11.4255,11.3177,11.2099,2667,645,0.4831,2061
1621,2017-07-12,10.9944,11.3177,11.3177,11.2099,1206,645,0.0,2061
1622,2017-07-13,10.9944,11.2099,11.2099,11.156,605,642,-0.4808,2061
1623,2017-07-14,10.8327,11.156,10.9944,11.1021,629,639,-0.4831,2061
1624,2017-07-17,10.8327,10.9944,10.8866,10.9944,545,633,-0.9709,2061
1625,2017-07-18,10.8866,11.1021,11.1021,10.9944,1255,633,0.0,2061
1626,2017-07-19,10.8866,11.1021,11.1021,10.9944,1012,633,0.0,2061
1627,2017-07-20,10.8866,10.9944,10.9944,10.9944,314,633,0.0,2061
1628,2017-07-21,10.8866,10.9944,10.9944,10.9944,468,633,0.0,2061
1629,2017-07-24,10.8866,11.156,10.8866,11.156,1022,642,1.4706,2061
1630,2017-07-25,11.156,11.3716,11.2638,11.3177,3420,651,1.4493,2061
1631,2017-07-26,11.4255,12.4495,11.4255,12.4495,21006,716,10.0,2061
1632,2017-07-27,11.9106,12.6112,12.2878,12.0183,12851,692,-3.4632,2061
1633,2017-07-28,11.7489,12.18,11.9106,11.9644,4049,689,-0.4484,2061
1634,2017-07-31,11.9644,12.6112,11.9644,12.6112,5908,726,5.4054,2061
1635,2017-08-01,12.2878,12.8267,12.8267,12.3417,4552,710,-2.1368,2061
1636,2017-08-02,12.2878,12.719,12.4495,12.5034,4312,720,1.31,2061
1637,2017-08-03,12.2878,12.5573,12.2878,12.5034,2690,720,0.0,2061
1638,2017-08-04,11.8567,12.5573,12.4495,12.3417,3419,710,-1.2931,2061
1639,2017-08-07,11.7489,12.2339,12.2339,11.8028,4337,679,-4.3668,2061
1640,2017-08-08,11.6411,11.8567,11.8028,11.6411,2230,670,-1.3699,2061
1641,2017-08-09,11.5333,11.8028,11.6411,11.5872,1210,667,-0.463,2061
1642,2017-08-10,11.2099,11.8028,11.8028,11.5872,1750,667,0.0,2061
1643,2017-08-11,10.8866,11.3177,10.9944,11.1021,3190,639,-4.186,2061
1644,2017-08-14,10.8327,10.9944,10.9944,10.8327,4317,623,-2.4272,2061
1645,2017-08-15,10.8866,11.156,10.8866,10.9405,943,630,0.995,2061
1646,2017-08-16,10.9944,11.156,11.0482,11.1021,1162,639,1.4778,2061
1647,2017-08-17,11.1021,11.4255,11.156,11.3716,1012,654,2.4272,2061
1648,2017-08-18,11.1021,11.3716,11.3716,11.3716,469,654,0.0,2061
1649,2017-08-21,11.156,11.3716,11.3716,11.3177,750,651,-0.4739,2061
1650,2017-08-22,10.9944,11.2638,11.1021,11.2638,1387,648,-0.4762,2061
1651,2017-08-23,11.0482,11.4794,11.4794,11.0482,2882,636,-1.9139,2061
1652,2017-08-24,11.1021,11.2638,11.2099,11.1021,384,639,0.4878,2061
1653,2017-08-25,11.1021,11.5333,11.1021,11.3716,1295,654,2.4272,2061
1654,2017-08-28,11.3177,11.4255,11.3177,11.3716,686,654,0.0,2061
1655,2017-08-29,11.2099,11.4255,11.3716,11.4255,996,657,0.4739,2061
1656,2017-08-30,11.4255,11.5872,11.5333,11.5333,1145,664,0.9434,2061
1657,2017-08-31,11.4255,11.5872,11.5333,11.5872,1119,667,0.4673,2061
1658,2017-09-01,11.5333,12.0722,11.6411,12.0722,1658,695,4.186,2061
1659,2017-09-04,11.695,12.0722,12.0183,12.0722,1518,695,0.0,2061
1660,2017-09-05,11.8567,12.1261,11.8567,12.0722,2091,695,0.0,2061
1661,2017-09-06,11.8028,12.0183,11.8028,11.9644,874,689,-0.8929,2061
1662,2017-09-07,11.7489,12.2878,11.9106,11.9644,2706,689,0.0,2061
1663,2017-09-08,12.0183,12.18,12.0722,12.18,2144,701,1.8018,2061
1664,2017-09-11,12.18,12.3956,12.3956,12.2878,1158,707,0.885,2061
1665,2017-09-12,12.18,12.3956,12.3417,12.3417,1393,710,0.4386,2061
1666,2017-09-13,12.1261,12.3956,12.2339,12.3956,753,713,0.4367,2061
1667,2017-09-14,12.1261,12.3956,12.3956,12.18,598,701,-1.7391,2061
1668,2017-09-15,11.7489,12.1261,12.1261,11.9644,1365,689,-1.7699,2061
1669,2017-09-18,11.8567,12.0183,12.0183,11.9644,354,689,0.0,2061
1670,2017-09-19,11.7489,11.9644,11.9644,11.7489,1252,676,-1.8018,2061
1671,2017-09-20,11.695,12.18,11.8028,12.18,1337,701,3.6697,2061
1672,2017-09-21,11.8028,12.2339,12.18,12.18,919,701,0.0,2061
1673,2017-09-22,11.8567,12.4495,12.3956,12.18,1669,701,0.0,2061
1674,2017-09-25,11.695,12.0183,11.9644,11.8567,1000,682,-2.6549,2061
1675,2017-09-26,11.6411,12.0183,11.9644,12.0183,1706,692,1.3636,2061
1676,2017-09-27,11.695,12.0722,12.0722,11.7489,717,676,-2.2422,2061
1677,2017-09-28,11.4794,11.9106,11.4794,11.6411,443,670,-0.9174,2061
1678,2017-09-29,11.6411,11.9644,11.8567,11.8028,241,679,1.3889,2061
1679,2017-09-30,11.8028,12.1261,11.8028,12.1261,1332,698,2.7397,2061
1680,2017-10-02,12.0183,12.2878,12.18,12.18,654,701,0.4444,2061
1681,2017-10-03,12.0722,12.18,12.18,12.0722,370,695,-0.885,2061
1682,2017-10-05,11.9644,12.719,11.9644,12.6112,2158,726,4.4643,2061
1683,2017-10-06,12.5034,13.4196,13.4196,12.6112,1881,726,0.0,2061
1684,2017-10-11,11.9106,12.5034,12.3956,12.5034,1550,720,-0.8547,2061
1685,2017-10-12,12.3417,13.0962,13.0962,12.6112,1443,726,0.8621,2061
1686,2017-10-13,12.2878,12.6651,12.5034,12.6651,1062,729,0.4274,2061
1687,2017-10-16,12.3417,12.7729,12.7729,12.6651,2082,729,0.0,2061
1688,2017-10-17,12.3956,12.6112,12.5034,12.6112,799,726,-0.4255,2061
1689,2017-10-18,12.3956,12.6112,12.4495,12.6112,813,726,0.0,2061
1690,2017-10-19,12.3956,12.7729,12.6112,12.4495,1408,716,-1.2821,2061
1691,2017-10-20,12.2878,12.3956,12.2878,12.2878,2619,707,-1.2987,2061
1692,2017-10-23,12.2878,12.5573,12.2878,12.2878,1259,707,0.0,2061
1693,2017-10-24,12.18,12.2878,12.2878,12.18,1078,701,-0.8772,2061
1694,2017-10-25,12.1261,12.2339,12.18,12.1261,529,698,-0.4425,2061
1695,2017-10-26,11.9644,12.18,12.1261,12.0183,706,692,-0.8889,2061
1696,2017-10-27,11.6411,12.1261,12.0183,11.7489,1591,676,-2.2422,2061
1697,2017-10-30,11.3177,12.18,11.4794,11.3716,814,654,-3.211,2061
1698,2017-10-31,11.3716,11.5333,11.4255,11.3716,477,654,0.0,2061
1699,2017-11-01,11.4255,11.5872,11.4794,11.4255,462,657,0.4739,2061
1700,2017-11-02,11.3716,11.5333,11.4255,11.3716,467,654,-0.4717,2061
1701,2017-11-03,11.2638,11.5333,11.3716,11.5333,517,664,1.4218,2061
1702,2017-11-06,11.3177,11.695,11.5333,11.6411,624,670,0.9346,2061
1703,2017-11-07,11.3716,11.7489,11.4794,11.7489,245,676,0.9259,2061
1704,2017-11-08,11.3177,11.6411,11.6411,11.5872,898,667,-1.3761,2061
1705,2017-11-09,11.4255,11.695,11.5872,11.5333,814,664,-0.4651,2061
1706,2017-11-10,11.4794,11.9644,11.6411,11.7489,714,676,1.8692,2061
1707,2017-11-13,11.8028,12.3956,11.8567,12.2339,942,704,4.1284,2061
1708,2017-11-14,11.8567,12.18,11.8567,12.18,648,701,-0.4405,2061
1709,2017-11-15,11.9644,12.3956,11.9644,12.0722,591,695,-0.885,2061
1710,2017-11-16,11.9644,12.1261,12.0722,12.1261,436,698,0.4464,2061
1711,2017-11-17,11.8567,12.18,12.1261,12.18,1506,701,0.4444,2061
1712,2017-11-20,12.0722,12.2878,12.0722,12.2878,2053,707,0.885,2061
1713,2017-11-21,12.2878,12.5573,12.3417,12.5034,1660,720,1.7544,2061
1714,2017-11-22,12.3417,12.5573,12.5573,12.5034,1897,720,0.0,2061
1715,2017-11-23,12.4495,12.5573,12.4495,12.5573,341,723,0.431,2061
1716,2017-11-24,12.0722,12.4495,12.4495,12.1261,1484,698,-3.4335,2061
1717,2017-11-27,11.8567,12.18,12.18,11.8567,1107,682,-2.2222,2061
1718,2017-11-28,11.8028,12.0183,11.9106,11.8567,674,682,0.0,2061
1719,2017-11-29,11.8567,12.0722,11.8567,12.0722,896,695,1.8182,2061
1720,2017-11-30,11.8028,12.2339,12.1261,12.2339,1478,704,1.3393,2061
1721,2017-12-01,11.9644,12.3956,12.2339,12.3956,1139,713,1.3216,2061
1722,2017-12-04,12.1261,12.3956,12.3417,12.3956,569,713,0.0,2061
1723,2017-12-05,11.9106,12.4495,12.4495,11.9106,1117,685,-3.913,2061
1724,2017-12-06,11.5333,11.9106,11.8567,11.5333,1153,664,-3.1674,2061
1725,2017-12-07,11.4794,11.695,11.6411,11.5333,847,664,0.0,2061
1726,2017-12-08,11.3177,11.6411,11.6411,11.5333,447,664,0.0,2061
1727,2017-12-11,11.6411,11.7489,11.6411,11.695,141,673,1.4019,2061
1728,2017-12-12,11.695,11.8028,11.695,11.8028,173,679,0.9217,2061
1729,2017-12-13,11.5872,12.0722,11.5872,12.0722,588,695,2.2831,2061
1730,2017-12-14,11.8567,12.18,11.9106,12.1261,646,698,0.4464,2061
1731,2017-12-15,11.8567,12.2339,12.1261,12.2339,435,704,0.8889,2061
1732,2017-12-18,11.9106,12.3417,12.0722,12.2878,539,707,0.4405,2061
1733,2017-12-19,11.9644,12.2339,12.1261,12.2339,547,704,-0.4386,2061
1734,2017-12-20,11.8567,12.0722,12.0722,11.9644,288,689,-2.2026,2061
1735,2017-12-21,11.8567,12.0722,11.9644,11.8567,633,682,-0.9009,2061
1736,2017-12-22,11.8028,11.9644,11.9644,11.8028,265,679,-0.4545,2061
1737,2017-12-25,11.9644,12.3956,12.3956,12.0722,383,695,2.2831,2061
1738,2017-12-26,11.7489,12.0183,12.0183,11.8028,737,679,-2.2321,2061
1739,2017-12-27,11.7489,11.9644,11.8028,11.9644,410,689,1.3699,2061
1740,2017-12-28,11.9106,12.18,11.9644,12.0722,1004,695,0.9009,2061
1741,2017-12-29,12.0722,12.5573,12.0722,12.2878,2779,707,1.7857,2061
1742,2018-01-02,12.2339,12.4495,12.4495,12.3956,1914,713,0.8772,2061
1743,2018-01-03,12.2878,12.5034,12.5034,12.4495,3172,716,0.4348,2061
1744,2018-01-04,12.5034,13.6891,12.6112,13.6891,14581,788,9.9567,2061
1745,2018-01-05,13.0423,14.0124,13.6891,13.9046,9402,800,1.5748,2061
1746,2018-01-08,13.7429,14.8208,14.7669,14.1202,5473,813,1.5504,2061
1747,2018-01-09,13.9046,14.228,14.0124,14.1202,3036,813,0.0,2061
1748,2018-01-10,14.0124,14.3358,14.1741,14.1741,4576,816,0.3817,2061
1749,2018-01-11,13.3657,14.1202,13.9046,14.0124,4122,806,-1.1407,2061
1750,2018-01-12,13.2579,13.9046,13.9046,13.2579,4799,763,-5.3846,2061
1751,2018-01-15,12.7729,13.2579,13.2579,12.9345,3274,744,-2.439,2061
1752,2018-01-16,12.9345,13.7968,13.0423,13.6352,2459,785,5.4167,2061
1753,2018-01-17,13.3118,13.7968,13.6352,13.7968,1512,794,1.1858,2061
1754,2018-01-18,13.4735,13.9046,13.9046,13.4735,1645,775,-2.3438,2061
1755,2018-01-19,13.0423,13.5813,13.5274,13.0423,1287,751,-3.2,2061
1756,2018-01-22,12.7729,13.2579,13.0423,13.2579,1661,763,1.6529,2061
1757,2018-01-23,12.9345,13.3118,13.2579,13.3118,873,766,0.4065,2061
1758,2018-01-24,12.9884,13.4735,12.9884,13.4735,775,775,1.2146,2061
1759,2018-01-25,13.204,13.5274,13.204,13.4735,694,775,0.0,2061
1760,2018-01-26,13.0423,13.4196,13.204,13.3657,562,769,-0.8,2061
1761,2018-01-29,12.9345,13.3657,13.0962,13.3657,1190,769,0.0,2061
1762,2018-01-30,12.8267,13.2579,13.1501,12.8267,1877,738,-4.0323,2061
1763,2018-01-31,12.5573,12.8267,12.8267,12.6112,1965,726,-1.6807,2061
1764,2018-02-01,12.6112,12.7729,12.6112,12.6112,823,726,0.0,2061
1765,2018-02-02,12.6112,12.719,12.6112,12.6112,821,726,0.0,2061
1766,2018-02-05,12.5034,13.2579,12.6112,13.2579,1501,763,5.1282,2061
1767,2018-02-06,12.18,13.0423,13.0423,12.2339,2862,704,-7.7236,2061
1768,2018-02-07,12.5034,12.719,12.5573,12.6651,1300,729,3.5242,2061
1769,2018-02-08,12.5034,12.9345,12.719,12.9345,975,744,2.1277,2061
1770,2018-02-09,12.719,13.2579,12.9345,13.2579,1817,763,2.5,2061
1771,2018-02-12,13.204,13.7429,13.2579,13.6891,2991,788,3.252,2061
1772,2018-02-21,13.5813,14.0124,13.7968,13.9046,2102,800,1.5748,2061
1773,2018-02-22,13.7429,14.1202,13.9046,13.9046,1073,800,0.0,2061
1774,2018-02-23,13.4196,13.8507,13.8507,13.6352,1061,785,-1.938,2061
1775,2018-02-26,13.2579,13.7429,13.6891,13.4735,489,775,-1.1858,2061
1776,2018-02-27,13.204,13.5274,13.3118,13.5274,854,779,0.4,2061
1777,2018-03-01,13.3657,13.6891,13.4196,13.6891,549,788,1.1952,2061
1778,2018-03-02,13.3657,14.6591,13.4735,14.3897,2057,828,5.1181,2061
1779,2018-03-05,14.0124,14.6052,14.6052,14.1741,2903,816,-1.4981,2061
1780,2018-03-06,13.3118,14.2819,14.2819,13.5274,2530,779,-4.5627,2061
1781,2018-03-07,13.2579,13.9046,13.4196,13.3657,2247,769,-1.1952,2061
1782,2018-03-08,13.0962,13.3657,13.2579,13.204,1275,760,-1.2097,2061
1783,2018-03-09,13.0962,13.2579,13.0962,13.1501,989,757,-0.4082,2061
1784,2018-03-12,12.5034,13.3657,12.5034,12.9345,1602,744,-1.6393,2061
1785,2018-03-13,12.9345,13.8507,12.9345,13.1501,904,757,1.6667,2061
1786,2018-03-14,12.9884,13.0962,13.0962,13.0962,520,754,-0.4098,2061
1787,2018-03-15,13.0423,13.204,13.0962,13.0962,728,754,0.0,2061
1788,2018-03-16,13.0962,13.3118,13.0962,13.0962,697,754,0.0,2061
1789,2018-03-19,13.0962,13.3657,13.0962,13.2579,1228,763,1.2346,2061
1790,2018-03-20,13.0962,13.2579,13.204,13.0962,501,754,-1.2195,2061
1791,2018-03-21,12.9884,13.204,13.1501,13.0423,643,751,-0.4115,2061
1792,2018-03-22,12.9345,13.2579,13.0423,12.9884,1015,748,-0.4132,2061
1793,2018-03-23,12.8267,12.9884,12.9884,12.9345,658,744,-0.4149,2061
1794,2018-03-26,12.6651,12.9345,12.8267,12.6651,595,729,-2.0833,2061
1795,2018-03-27,12.719,13.0423,12.719,13.0423,826,751,2.9787,2061
1796,2018-03-28,12.8806,13.1501,12.8806,12.9345,1093,744,-0.8264,2061
1797,2018-03-29,12.9345,13.204,13.1501,13.1501,736,757,1.6667,2061
1798,2018-03-30,12.9345,13.1501,13.1501,13.0962,1012,754,-0.4098,2061
1799,2018-03-31,12.9884,13.1501,13.0962,13.0962,471,754,0.0,2061
1800,2018-04-02,12.9345,13.204,13.1501,13.1501,952,757,0.4115,2061
1801,2018-04-03,12.8806,13.4735,13.1501,13.204,1326,760,0.4098,2061
1802,2018-04-09,13.0962,13.2579,13.204,13.2579,787,763,0.4082,2061
1803,2018-04-10,13.0423,13.2579,13.1501,13.1501,915,757,-0.813,2061
1804,2018-04-11,12.9884,13.3657,13.204,13.2579,1088,763,0.8197,2061
1805,2018-04-12,13.0962,13.3118,13.0962,13.3118,260,766,0.4065,2061
1806,2018-04-13,13.204,13.3657,13.3118,13.3657,627,769,0.4049,2061
1807,2018-04-16,13.3118,13.4735,13.3657,13.4196,895,772,0.4032,2061
1808,2018-04-17,13.0962,13.4196,13.3657,13.4196,969,772,0.0,2061
1809,2018-04-18,13.0962,13.6352,13.6352,13.4196,853,772,0.0,2061
1810,2018-04-19,13.0423,13.4735,13.4735,13.1501,476,757,-2.008,2061
1811,2018-04-20,12.9345,13.2579,12.9345,13.2579,521,763,0.8197,2061
1812,2018-04-23,12.9345,13.204,13.0962,13.0423,217,751,-1.626,2061
1813,2018-04-24,12.8267,13.1501,12.9345,13.1501,1217,757,0.8264,2061
1814,2018-04-25,13.0962,13.3657,13.0962,13.3657,295,769,1.6393,2061
1815,2018-04-26,12.9884,13.3118,13.3118,13.0962,414,754,-2.0161,2061
1816,2018-04-27,13.0962,13.3118,13.0962,13.2579,379,763,1.2346,2061
1817,2018-04-30,12.9884,13.3118,13.2579,13.0423,364,751,-1.626,2061
1818,2018-05-02,12.719,13.0962,13.0962,13.0962,757,754,0.4132,2061
1819,2018-05-03,12.8267,13.0962,13.0962,13.0962,215,754,0.0,2061
1820,2018-05-04,12.8267,13.204,12.8267,13.0423,204,751,-0.4115,2061
1821,2018-05-07,12.9345,13.3657,12.9345,13.0962,404,754,0.4132,2061
1822,2018-05-08,12.9345,13.3657,13.0962,13.0962,1678,754,0.0,2061
1823,2018-05-09,12.9345,13.2579,13.1501,13.1501,486,757,0.4115,2061
1824,2018-05-10,12.9345,13.204,13.0962,13.204,794,760,0.4098,2061
1825,2018-05-11,12.9345,13.3118,13.0423,13.3118,402,766,0.8163,2061
1826,2018-05-14,12.9884,13.2579,12.9884,13.2579,703,763,-0.4049,2061
1827,2018-05-15,12.9884,13.2579,13.2579,13.0962,169,754,-1.2195,2061
1828,2018-05-16,12.8267,13.0423,12.9345,12.8267,371,738,-2.0576,2061
1829,2018-05-17,12.8267,13.0423,12.8267,12.9345,468,744,0.8403,2061
1830,2018-05-18,12.8806,13.2579,12.9345,12.9884,1229,748,0.4167,2061
1831,2018-05-21,12.9884,13.1501,12.9884,12.9884,159,748,0.0,2061
1832,2018-05-22,12.8806,13.0423,13.0423,13.0423,192,751,0.4149,2061
1833,2018-05-23,12.8267,12.9884,12.9345,12.9884,585,748,-0.4132,2061
1834,2018-05-24,12.8806,12.9884,12.9884,12.8806,228,741,-0.8299,2061
1835,2018-05-25,12.6651,12.8806,12.8806,12.8267,733,738,-0.4184,2061
1836,2018-05-28,12.719,12.8267,12.8267,12.8267,380,738,0.0,2061
1837,2018-05-29,12.6651,12.8267,12.8267,12.7729,87,735,-0.4202,2061
1838,2018-05-30,12.6112,12.7729,12.7729,12.6112,305,726,-1.2658,2061
1839,2018-05-31,12.5573,12.9884,12.6112,12.8267,249,738,1.7094,2061
1840,2018-06-01,12.8267,12.9345,12.8267,12.9345,333,744,0.8403,2061
1841,2018-06-04,12.9345,12.9884,12.9345,12.9884,231,748,0.4167,2061
1842,2018-06-05,12.7729,13.0423,13.0423,12.8806,333,741,-0.8299,2061
1843,2018-06-06,12.7729,12.9884,12.8267,12.7729,477,735,-0.8368,2061
1844,2018-06-07,12.719,12.8267,12.8267,12.719,224,732,-0.4219,2061
1845,2018-06-08,12.6112,12.8806,12.8267,12.8806,225,741,1.2712,2061
1846,2018-06-11,12.9345,13.4196,13.4196,13.1501,170,757,2.0921,2061
1847,2018-06-12,12.719,13.1501,13.1501,13.0423,742,751,-0.8197,2061
1848,2018-06-13,12.6651,12.9345,12.8267,12.9345,880,744,-0.8264,2061
1849,2018-06-14,12.5573,12.8806,12.719,12.8806,1587,741,-0.4167,2061
1850,2018-06-15,12.719,12.9884,12.8267,12.8267,308,738,-0.4184,2061
1851,2018-06-19,12.5573,12.8806,12.8806,12.7729,577,735,-0.4202,2061
1852,2018-06-20,12.4495,12.7729,12.7729,12.6651,450,729,-0.8439,2061
1853,2018-06-21,11.9106,12.8806,11.9106,12.8267,1433,738,1.2766,2061
1854,2018-06-22,12.4495,12.8267,12.5573,12.7729,619,735,-0.4202,2061
1855,2018-06-25,12.719,12.9345,12.7729,12.9345,107,744,1.2658,2061
1856,2018-06-26,12.3956,12.719,12.5034,12.5573,564,723,-2.9167,2061
1857,2018-06-27,12.5034,12.719,12.719,12.719,292,732,1.2876,2061
1858,2018-06-28,12.5034,12.7729,12.5034,12.6112,315,726,-0.8475,2061
1859,2018-06-29,12.5573,12.6651,12.6112,12.5573,175,723,-0.4274,2061
1860,2018-07-02,12.5573,12.719,12.5573,12.6651,70,729,0.8584,2061
1861,2018-07-03,12.6112,12.719,12.6112,12.719,47,732,0.4255,2061
1862,2018-07-04,12.719,12.7729,12.719,12.719,47,732,0.0,2061
1863,2018-07-05,12.719,12.7729,12.719,12.7729,118,735,0.4237,2061
1864,2018-07-06,12.5573,12.719,12.6112,12.719,164,732,-0.4219,2061
1865,2018-07-09,12.719,12.719,12.719,12.719,11,732,0.0,2061
1866,2018-07-10,12.719,12.7729,12.719,12.7729,35,735,0.4237,2061
1867,2018-07-11,12.6651,12.719,12.719,12.719,47,732,-0.4219,2061
1868,2018-07-12,12.3956,12.8267,12.719,12.8267,386,738,0.8475,2061
1869,2018-07-13,12.719,12.8267,12.8267,12.8267,47,738,0.0,2061
1870,2018-07-16,12.6112,12.8267,12.8267,12.719,94,732,-0.8403,2061
1871,2018-07-17,12.5573,12.8267,12.5573,12.8267,82,738,0.8475,2061
1872,2018-07-18,12.7729,12.8806,12.8267,12.8267,107,738,0.0,2061
1873,2018-07-19,12.5034,12.8267,12.5573,12.8267,221,738,0.0,2061
1874,2018-07-20,12.719,12.719,12.719,12.719,11,732,-0.8403,2061
1875,2018-07-23,12.7729,12.7729,12.7729,12.7729,35,735,0.4237,2061
1876,2018-07-24,12.5034,12.7729,12.5034,12.7729,152,735,0.0,2061
1877,2018-07-25,12.719,12.7729,12.719,12.719,82,732,-0.4219,2061
1878,2018-07-26,12.5034,12.6651,12.6651,12.6651,198,729,-0.4237,2061
1879,2018-07-27,12.3956,12.6651,12.6651,12.6651,231,729,0.0,2061
1880,2018-07-30,12.4495,12.6651,12.4495,12.4495,115,716,-1.7021,2061
1881,2018-07-31,12.3956,12.6112,12.3956,12.5034,185,720,0.4329,2061
1882,2018-08-01,12.4495,12.719,12.5034,12.719,394,732,1.7241,2061
1883,2018-08-02,12.5034,12.719,12.5034,12.719,58,732,0.0,2061
1884,2018-08-03,12.4495,12.6651,12.6651,12.6651,105,729,-0.4237,2061
1885,2018-08-06,12.4495,12.5573,12.4495,12.5573,69,723,-0.8511,2061
1886,2018-08-07,12.5034,12.5573,12.5034,12.5573,394,723,0.0,2061
1887,2018-08-08,12.5034,12.5034,12.5034,12.5034,58,720,-0.4292,2061
1888,2018-08-09,12.5034,12.6112,12.5034,12.6112,34,726,0.8621,2061
1889,2018-08-10,12.3956,12.5034,12.4495,12.5034,253,720,-0.8547,2061
1890,2018-08-13,12.5034,12.5034,12.5034,12.5034,0,720,0.0,2061
1891,2018-08-14,12.3417,12.4495,12.4495,12.4495,206,716,-0.431,2061
1892,2018-08-15,12.18,12.4495,12.4495,12.3417,365,710,-0.8658,2061
1893,2018-08-16,12.0183,12.3417,12.1261,12.2878,371,707,-0.4367,2061
1894,2018-08-17,12.2878,12.2878,12.2878,12.2878,0,707,0.0,2061
1895,2018-08-20,12.0183,12.1261,12.0722,12.1261,246,698,-1.3158,2061
1896,2018-08-21,11.8567,12.0722,12.0722,12.0722,276,695,-0.4444,2061
1897,2018-08-22,11.8567,12.0722,11.9106,12.0722,33,695,0.0,2061
1898,2018-08-23,11.9644,12.2878,12.2878,12.2339,125,704,1.3393,2061
1899,2018-08-24,11.9106,12.0722,11.9644,12.0722,155,695,-1.3216,2061
1900,2018-08-27,11.8567,12.0722,12.0183,12.0722,133,695,0.0,2061
1901,2018-08-28,11.8567,12.0183,12.0183,11.9644,227,689,-0.8929,2061
1902,2018-08-29,11.8567,12.18,12.0722,12.18,177,701,1.8018,2061
1903,2018-08-30,12.0183,12.1261,12.1261,12.1261,52,698,-0.4425,2061
1904,2018-08-31,11.8567,12.18,11.9106,12.1261,288,698,0.0,2061
1905,2018-09-03,11.8567,12.0722,11.9106,12.0722,342,695,-0.4444,2061
1906,2018-09-04,11.9106,12.0183,11.9106,12.0183,186,692,-0.4464,2061
1907,2018-09-05,11.9644,12.0183,11.9644,12.0183,22,692,0.0,2061
1908,2018-09-06,11.8028,11.9644,11.9644,11.8028,142,679,-1.7937,2061
1909,2018-09-07,11.8567,11.9644,11.8567,11.9644,110,689,1.3699,2061
1910,2018-09-10,11.3716,11.5872,11.4255,11.3716,191,654,-4.955,2061
1911,2018-09-11,10.7788,11.3716,11.3716,11.3716,929,654,0.0,2061
1912,2018-09-12,11.3716,11.695,11.3716,11.695,21,673,2.8436,2061
1913,2018-09-13,11.695,11.695,11.695,11.695,0,673,0.0,2061
1914,2018-09-14,11.3716,11.4794,11.4255,11.4794,127,661,-1.8433,2061
1915,2018-09-17,11.1021,11.4794,11.4794,11.3716,166,654,-0.939,2061
1916,2018-09-18,11.3716,11.4794,11.3716,11.4794,42,661,0.9479,2061
1917,2018-09-19,11.2638,11.4255,11.3716,11.3716,97,654,-0.939,2061
1918,2018-09-20,11.3716,11.4794,11.4794,11.3716,31,654,0.0,2061
1919,2018-09-21,11.3716,11.6411,11.3716,11.5333,106,664,1.4218,2061
1920,2018-09-25,11.2099,11.6411,11.2099,11.5333,1115,664,0.0,2061
1921,2018-09-26,11.3716,11.5333,11.3716,11.5333,116,664,0.0,2061
1922,2018-09-27,11.5333,11.5333,11.5333,11.5333,0,664,0.0,2061
1923,2018-09-28,11.3177,11.5872,11.5872,11.5333,85,664,0.0,2061
1924,2018-10-01,10.8866,11.4794,11.2099,11.4255,508,657,-0.9346,2061
1925,2018-10-02,11.2099,11.3716,11.2638,11.2638,135,648,-1.4151,2061
1926,2018-10-03,11.1021,11.3716,11.156,11.3177,116,651,0.4785,2061
1927,2018-10-04,11.2099,11.4255,11.4255,11.3177,146,651,0.0,2061
1928,2018-10-05,10.9944,11.5333,11.5333,10.9944,229,633,-2.8571,2061
1929,2018-10-08,10.9405,11.2099,10.9405,11.2099,123,645,1.9608,2061
1930,2018-10-09,10.768,11.0482,10.8866,10.9405,492,630,-2.4038,2061
1931,2018-10-11,10.9405,10.9405,10.9405,10.9405,0,630,0.0,2061
1932,2018-10-12,10.9405,10.9405,10.9405,10.9405,0,630,0.0,2061
1933,2018-10-15,10.9405,10.9405,10.9405,10.9405,0,630,0.0,2061
1934,2018-10-16,10.9405,10.9405,10.9405,10.9405,0,630,0.0,2061
1935,2018-10-17,10.9405,10.9405,10.9405,10.9405,0,630,0.0,2061
1936,2018-10-18,10.9405,10.9405,10.9405,10.9405,0,630,0.0,2061
1937,2018-10-19,10.9405,10.9405,10.9405,10.9405,0,630,0.0,2061
1938,2018-10-22,10.7682,10.8759,10.8759,10.822,120,589,-1.0123,2061
1939,2018-10-23,10.7682,10.822,10.7682,10.822,145,589,0.0,2061
1940,2018-10-24,10.7682,10.822,10.822,10.7682,90,586,-0.4975,2061
1941,2018-10-25,10.6066,10.7682,10.7143,10.7682,525,586,0.0,2061
1942,2018-10-26,10.6174,10.7682,10.6605,10.6605,161,580,-1.0,2061
1943,2018-10-29,10.6605,10.6605,10.6605,10.6605,60,580,0.0,2061
1944,2018-10-30,10.0467,10.7359,10.6605,10.7359,170,584,0.7071,2061
1945,2018-10-31,10.639,10.9835,10.639,10.7574,204,586,0.2006,2061
1946,2018-11-01,10.7574,10.822,10.822,10.7574,34,586,0.0,2061
1947,2018-11-02,10.6605,10.822,10.822,10.7682,146,586,0.1001,2061
1948,2018-11-05,10.1328,10.7466,10.1328,10.7466,87,585,-0.2,2061
1949,2018-11-06,10.3697,10.7466,10.7466,10.6497,243,580,-0.9018,2061
1950,2018-11-07,10.2298,10.639,10.4451,10.5528,356,574,-0.91,2061
1951,2018-11-08,10.1652,10.3913,10.2836,10.3374,362,563,-2.0408,2061
1952,2018-11-09,10.1221,10.2944,10.2836,10.2836,218,560,-0.5208,2061
1953,2018-11-12,9.8529,10.2298,10.219,10.2082,840,556,-0.733,2061
1954,2018-11-13,10.1759,10.1759,10.1759,10.1759,18,554,-0.3165,2061
1955,2018-11-14,9.5406,10.0144,9.8529,9.799,966,533,-3.7037,2061
1956,2018-11-15,9.2929,9.8098,9.7129,9.8098,1686,534,0.1099,2061
1957,2018-11-16,9.7452,9.8636,9.8098,9.8098,187,534,0.0,2061
1958,2018-11-19,9.799,9.8959,9.8959,9.799,31,533,-0.1098,2061
1959,2018-11-20,9.476,9.7667,9.476,9.756,201,531,-0.4396,2061
1960,2018-11-21,9.4221,9.7129,9.7129,9.659,459,526,-0.9934,2061
1961,2018-11-22,9.6806,9.6806,9.6806,9.6806,17,527,0.223,2061
1962,2018-11-23,9.5944,9.7021,9.6375,9.6914,164,527,0.1112,2061
1963,2018-11-26,9.7021,9.799,9.7344,9.799,462,533,1.1111,2061
1964,2018-11-27,9.799,10.1113,9.799,10.1113,757,550,3.1868,2061
1965,2018-11-28,10.1221,10.6605,10.1221,10.6497,459,580,5.3248,2061
1966,2018-11-29,10.5959,10.6713,10.6066,10.5959,333,577,-0.5056,2061
1967,2018-11-30,10.4882,10.6282,10.6066,10.4882,247,571,-1.0163,2061
1968,2018-12-03,10.6282,10.639,10.639,10.6282,411,578,1.3347,2061
1969,2018-12-04,10.5205,10.6174,10.6174,10.6066,188,577,-0.2026,2061
1970,2018-12-05,10.4667,10.6497,10.4774,10.6066,324,577,0.0,2061
1971,2018-12-06,10.5097,10.5959,10.5959,10.5959,157,577,-0.1015,2061
1972,2018-12-07,10.4882,10.6066,10.5851,10.6066,697,577,0.1016,2061
1973,2018-12-10,10.4236,10.6066,10.499,10.5959,178,577,-0.1015,2061
1974,2018-12-11,10.5743,10.5851,10.5743,10.5851,98,576,-0.1016,2061
1975,2018-12-12,10.4451,10.5743,10.542,10.5528,490,574,-0.3052,2061
1976,2018-12-13,10.4451,10.542,10.542,10.5313,97,573,-0.2041,2061
1977,2018-12-14,10.4451,10.5313,10.499,10.4774,331,570,-0.5112,2061
1978,2018-12-17,10.4774,10.7574,10.4774,10.639,68,579,1.5416,2061
1979,2018-12-18,10.3374,10.499,10.499,10.3374,58,563,-2.834,2061
1980,2018-12-19,10.3374,10.3482,10.3482,10.3374,28,563,0.0,2061
1981,2018-12-20,10.1759,10.5097,10.2298,10.1759,347,554,-1.5625,2061
1982,2018-12-21,10.1652,10.3159,10.1652,10.3159,60,561,1.3757,2061
1983,2018-12-22,10.2298,10.3913,10.2298,10.3913,223,566,0.7307,2061
1984,2018-12-24,9.8206,10.3913,10.3913,10.3159,1149,561,-0.7254,2061
1985,2018-12-25,10.0144,10.219,10.1221,10.1221,364,551,-1.8789,2061
1986,2018-12-26,10.1221,10.1221,10.1221,10.1221,47,551,0.0,2061
1987,2018-12-27,10.2298,10.3267,10.3267,10.2298,28,557,1.0638,2061
1988,2018-12-28,10.3374,10.3374,10.3374,10.3374,37,563,1.0526,2061
1989,2019-01-02,9.4006,10.3374,9.4006,10.3374,139,563,0.0,2061
1990,2019-01-03,9.7667,10.3374,10.3374,10.1113,250,550,-2.1875,2061
1991,2019-01-04,9.7452,10.5528,9.8959,10.5528,918,574,4.3663,2061
1992,2019-01-07,10.2836,10.6066,10.5743,10.4774,465,570,-0.7143,2061
1993,2019-01-08,9.7883,10.4344,9.8098,10.1328,64,551,-3.2888,2061
1994,2019-01-09,10.1759,10.542,10.5313,10.3159,513,561,1.8066,2061
1995,2019-01-10,10.1759,10.4344,10.4344,10.2836,153,560,-0.3132,2061
1996,2019-01-11,10.0682,10.2728,10.1221,10.2728,56,559,-0.1047,2061
1997,2019-01-14,10.2728,10.2728,10.2728,10.2728,2,559,0.0,2061
1998,2019-01-15,9.9713,10.2082,10.2082,9.9713,162,543,-2.935,2061
1999,2019-01-16,10.0144,10.2082,10.079,10.2082,130,556,2.3758,2061
2000,2019-01-17,10.1975,10.2298,10.1975,10.2298,85,557,0.211,2061
2001,2019-01-18,10.219,10.4559,10.2298,10.4236,1633,567,1.8947,2061
2002,2019-01-21,10.3482,10.4882,10.3805,10.4451,1135,569,0.2066,2061
2003,2019-01-22,10.4451,10.4451,10.4451,10.4451,8,569,0.0,2061
2004,2019-01-23,10.3913,10.4236,10.3913,10.4236,29,567,-0.2062,2061
2005,2019-01-24,10.3051,10.4236,10.3697,10.4236,177,567,0.0,2061
2006,2019-01-25,10.0682,10.3805,10.3374,10.3805,246,565,-0.4132,2061
2007,2019-01-28,10.1113,10.3805,10.3805,10.3267,161,562,-0.5187,2061
2008,2019-01-29,10.0144,10.3159,10.0144,10.3159,18,561,-0.1043,2061
2009,2019-01-30,10.3159,10.3159,10.3159,10.3159,0,561,0.0,2061
2010,2019-02-11,10.2298,10.2298,10.2298,10.2298,9,557,-0.8351,2061
2011,2019-02-12,9.8313,10.1867,9.8313,10.1867,28,554,-0.4211,2061
2012,2019-02-13,9.939,10.219,10.2082,10.219,47,556,0.3171,2061
2013,2019-02-14,10.5097,10.5097,10.5097,10.5097,9,572,2.8451,2061
2014,2019-02-15,10.4882,10.4882,10.4882,10.4882,9,571,-0.2049,2061
2015,2019-02-18,10.4774,10.4774,10.4774,10.4774,9,570,-0.1027,2061
2016,2019-02-19,9.9067,10.3913,10.3913,10.3374,408,563,-1.3361,2061
2017,2019-02-20,9.9821,10.3159,10.0682,10.3159,225,561,-0.2083,2061
2018,2019-02-21,10.0359,10.2082,10.2082,10.0359,42,546,-2.714,2061
2019,2019-02-22,9.9606,10.0575,10.0575,10.0575,180,547,0.2146,2061
2020,2019-02-25,9.799,10.0359,10.0144,9.9606,457,542,-0.9636,2061
2021,2019-02-26,9.6052,9.9606,9.9606,9.8852,536,538,-0.7568,2061
2022,2019-02-27,9.7021,10.1005,10.1005,9.8744,96,537,-0.1089,2061
2023,2019-03-04,10.0036,10.1544,10.1544,10.0036,20,544,1.3086,2061
2024,2019-03-05,9.9606,10.1221,10.1221,9.9606,93,542,-0.4306,2061
2025,2019-03-06,9.8421,9.9067,9.9067,9.8636,349,537,-0.973,2061
2026,2019-03-07,9.7452,10.0144,9.7452,10.0144,391,545,1.5284,2061
2027,2019-03-08,9.756,9.8852,9.756,9.8852,646,538,-1.2903,2061
2028,2019-03-11,9.7021,9.9498,9.9498,9.939,145,541,0.5447,2061
2029,2019-03-12,9.8744,9.9713,9.939,9.9713,129,543,0.325,2061
2030,2019-03-13,9.9498,9.9821,9.9713,9.9498,92,542,-0.216,2061
2031,2019-03-14,9.9067,9.9067,9.9067,9.9067,27,539,-0.4329,2061
2032,2019-03-15,9.8852,10.0359,10.0359,9.8852,18,538,-0.2174,2061
2033,2019-03-18,9.799,10.0359,9.799,10.0359,43,546,1.5251,2061
2034,2019-03-19,9.6914,10.0359,10.0359,9.8206,189,534,-2.1459,2061
2035,2019-03-20,9.756,10.0036,10.0036,9.7883,73,533,-0.3289,2061
2036,2019-03-21,9.6375,9.6914,9.6914,9.6483,132,525,-1.4301,2061
2037,2019-03-22,9.4437,9.6914,9.6914,9.4545,37,515,-2.0089,2061
2038,2019-03-25,9.3683,9.7021,9.7021,9.5729,126,521,1.2528,2061
2039,2019-03-26,9.5837,9.756,9.756,9.6698,60,526,1.0124,2061
2040,2019-03-27,9.5621,9.9067,9.6375,9.6698,1180,526,0.0,2061
2041,2019-03-28,9.659,9.8098,9.659,9.756,1162,531,0.8909,2061
2042,2019-03-29,9.6483,9.7452,9.6806,9.6483,344,525,-1.1038,2061
2043,2019-04-01,9.4868,9.9067,9.7452,9.6806,226,527,0.3348,2061
2044,2019-04-02,9.476,9.8098,9.8098,9.6806,206,527,0.0,2061
2045,2019-04-03,9.4221,9.6483,9.4975,9.4221,133,513,-2.6696,2061
2046,2019-04-08,9.5298,9.7883,9.5837,9.7344,382,530,3.3143,2061
2047,2019-04-09,9.5837,9.7344,9.6914,9.7021,404,528,-0.3319,2061
2048,2019-04-10,9.5621,9.6914,9.5944,9.6806,330,527,-0.222,2061
2049,2019-04-11,9.4006,9.6806,9.4006,9.616,665,523,-0.6674,2061
2050,2019-04-12,9.3037,9.6914,9.6914,9.4437,411,514,-1.7917,2061
2051,2019-04-15,9.4437,9.616,9.476,9.616,457,523,1.8244,2061
2052,2019-04-16,9.6806,9.8529,9.6806,9.8529,1032,536,2.4636,2061
2053,2019-04-17,9.8206,9.9713,9.9067,9.9713,583,543,1.2022,2061
2054,2019-04-18,9.6914,10.0144,9.9067,9.939,837,541,-0.324,2061
2055,2019-04-19,9.7667,9.939,9.939,9.7667,229,532,-1.7335,2061
2056,2019-04-22,9.9067,10.079,9.9067,10.0682,1039,548,3.0871,2061
2057,2019-04-23,9.9067,10.1221,10.0682,10.0575,193,547,-0.107,2061
2058,2019-04-24,9.8744,10.0575,10.0575,10.0467,239,547,-0.1071,2061
2059,2019-04-25,9.9606,10.0575,10.0359,9.9606,130,542,-0.8574,2061
2060,2019-04-26,9.756,10.0144,9.756,10.0144,427,545,0.5405,2061
2061,2019-04-29,9.9606,10.0575,9.9929,10.0575,72,547,0.4301,2061
2062,2019-04-30,9.9606,10.2298,10.219,10.0144,93,545,-0.4283,2061
2063,2019-05-02,10.0144,10.0682,10.0144,10.0144,173,545,0.0,2061
2064,2019-05-03,10.3267,10.6066,10.6066,10.3267,29,562,3.1183,2061
2065,2019-05-06,9.9606,10.5097,10.0252,10.3159,332,561,-0.1043,2061
2066,2019-05-07,10.0575,10.1975,10.0575,10.1975,131,555,-1.1482,2061
2067,2019-05-08,10.0682,10.6174,10.0682,10.2621,116,559,0.6336,2061
2068,2019-05-09,9.799,10.1867,9.9067,9.9929,495,544,-2.6233,2061
2069,2019-05-10,9.6914,9.9929,9.6914,9.9929,109,544,0.0,2061
2070,2019-05-13,10.0252,10.0467,10.0252,10.0467,63,547,0.5388,2061
2071,2019-05-14,10.0144,10.3913,10.3913,10.1975,320,555,1.5005,2061
2072,2019-05-15,10.0144,10.1113,10.1005,10.1113,168,550,-0.8448,2061
2073,2019-05-16,10.1652,10.3697,10.3697,10.219,141,556,1.065,2061
2074,2019-05-17,9.9283,10.0575,10.0144,9.9929,527,544,-2.2129,2061
2075,2019-05-20,9.8529,9.9606,9.9606,9.8529,92,536,-1.4009,2061
2076,2019-05-21,9.799,10.0144,9.799,9.8744,422,537,0.2186,2061
2077,2019-05-22,9.8529,10.0144,10.0144,9.8529,129,536,-0.2181,2061
2078,2019-05-23,9.6267,9.8313,9.799,9.8313,316,535,-0.2186,2061
2079,2019-05-24,9.7667,9.8959,9.8959,9.7667,46,532,-0.6572,2061
2080,2019-05-27,9.6914,9.8421,9.6914,9.7452,145,530,-0.2205,2061
2081,2019-05-28,9.7344,10.0467,10.0467,9.7344,92,530,-0.1105,2061
2082,2019-05-29,9.6914,9.7021,9.7021,9.7021,141,528,-0.3319,2061
2083,2019-05-30,9.5837,9.7452,9.7021,9.7021,205,528,0.0,2061
2084,2019-05-31,9.7021,9.799,9.7021,9.799,208,533,0.9989,2061
2085,2019-06-03,9.799,9.8421,9.799,9.8421,63,536,0.4396,2061
2086,2019-06-04,9.6483,9.799,9.799,9.6483,262,525,-1.9694,2061
2087,2019-06-05,9.616,9.7129,9.6914,9.616,234,523,-0.3348,2061
2088,2019-06-06,9.6698,10.1005,10.1005,9.6698,155,526,0.5599,2061
2089,2019-06-10,9.616,9.7129,9.7129,9.6483,216,525,-0.2227,2061
2090,2019-06-11,9.5837,9.6914,9.6914,9.6483,269,525,0.0,2061
2091,2019-06-12,9.5621,9.6375,9.6375,9.5621,170,520,-0.8929,2061
2092,2019-06-13,9.5514,9.6914,9.5621,9.616,289,523,0.5631,2061
2093,2019-06-14,9.5621,9.7021,9.6914,9.5621,116,520,-0.5599,2061
2094,2019-06-17,9.5083,9.7775,9.5837,9.5083,520,517,-0.5631,2061
2095,2019-06-18,9.5298,9.7452,9.6914,9.5298,424,519,0.2265,2061
2096,2019-06-19,9.6375,10.0682,9.9067,9.6375,389,525,1.1299,2061
2097,2019-06-20,9.6267,9.8529,9.8529,9.659,116,526,0.2235,2061
2098,2019-06-21,9.6914,9.9283,9.6914,9.9283,118,540,2.7871,2061
2099,2019-06-24,9.8206,10.4451,10.4451,9.9067,55,539,-0.2169,2061
2100,2019-06-25,9.799,9.9067,9.8098,9.9067,136,539,0.0,2061
2101,2019-06-26,9.9067,9.9067,9.9067,9.9067,64,539,0.0,2061
2102,2019-06-27,9.6914,10.0359,9.8529,10.0252,400,546,1.1957,2061
2103,2019-06-28,9.6914,10.0144,9.7452,9.9498,152,542,-0.7519,2061
2104,2019-07-01,9.799,10.0467,9.799,10.0467,264,547,0.974,2061
2105,2019-07-02,9.799,10.1328,9.8098,10.0036,293,544,-0.4287,2061
2106,2019-07-03,9.799,10.1113,10.1113,10.0575,567,547,0.5382,2061
2107,2019-07-04,10.1328,10.1652,10.1652,10.1544,334,553,0.9636,2061
2108,2019-07-05,10.1221,10.499,10.2728,10.499,353,571,3.3934,2061
2109,2019-07-08,10.3913,10.6497,10.5528,10.6497,341,580,1.4359,2061
2110,2019-07-09,10.6605,11.1451,10.6928,11.1451,1252,607,4.6512,2061
2111,2019-07-10,11.1451,11.7373,11.1989,11.6835,2377,636,4.8309,2061
2112,2019-07-11,11.1451,11.5758,11.5758,11.4143,1257,621,-2.3041,2061
2113,2019-07-12,11.0912,11.4143,11.4143,11.1989,554,610,-1.8868,2061
2114,2019-07-15,10.8759,11.1989,11.1989,11.1989,589,610,0.0,2061
2115,2019-07-16,10.7682,11.0374,10.9835,10.7682,222,586,-3.8462,2061
2116,2019-07-17,10.499,10.7682,10.6605,10.7682,757,586,0.0,2061
2117,2019-07-18,10.4236,10.7466,10.7466,10.7359,1048,584,-0.3,2061
2118,2019-07-19,10.5528,10.7466,10.7036,10.7359,1232,584,0.0,2061
2119,2019-07-22,10.6605,10.7574,10.7574,10.7036,861,583,-0.3009,2061
2120,2019-07-23,10.6066,10.822,10.639,10.7682,269,586,0.6036,2061
2121,2019-07-24,10.6497,10.7466,10.6605,10.7466,148,585,-0.2,2061
2122,2019-07-25,10.7466,10.8759,10.822,10.7466,231,585,0.0,2061
2123,2019-07-26,10.7143,10.822,10.7143,10.7574,138,586,0.1002,2061
2124,2019-07-29,10.6066,10.7574,10.7574,10.7466,56,585,-0.1001,2061
2125,2019-07-30,10.6174,10.7574,10.7574,10.7466,69,585,0.0,2061
2126,2019-07-31,10.499,10.822,10.822,10.7574,503,586,0.1002,2061
2127,2019-08-01,10.682,10.822,10.822,10.7036,134,583,-0.5005,2061
2128,2019-08-02,10.5528,10.7682,10.7682,10.7143,88,583,0.1006,2061
2129,2019-08-05,10.4559,10.822,10.822,10.6928,498,582,-0.201,2061
2130,2019-08-06,10.4451,10.639,10.4451,10.639,136,579,-0.5035,2061
2131,2019-08-07,10.499,10.6282,10.5636,10.6282,177,578,-0.1012,2061
2132,2019-08-08,10.4451,10.6497,10.6497,10.6066,321,577,-0.2026,2061
2133,2019-08-12,10.6066,10.7143,10.7143,10.6066,29,577,0.0,2061
2134,2019-08-13,10.6066,10.6605,10.6066,10.6605,19,580,0.5076,2061
2135,2019-08-14,10.682,10.7036,10.7036,10.682,19,581,0.202,2061
2136,2019-08-15,10.3374,10.6066,10.3374,10.5528,424,574,-1.2097,2061
2137,2019-08-16,10.3374,10.5205,10.3374,10.5205,154,573,-0.3061,2061
2138,2019-08-19,10.6174,10.6174,10.6174,10.6174,22,578,0.9212,2061
2139,2019-08-20,10.2944,10.5205,10.2944,10.5205,103,573,-0.9128,2061
2140,2019-08-21,10.5205,10.6174,10.6174,10.5205,29,573,0.0,2061
2141,2019-08-22,10.1221,10.5851,10.2298,10.5313,96,573,0.1024,2061
2142,2019-08-23,10.499,10.5528,10.5528,10.5313,108,573,0.0,2061
2143,2019-08-26,10.3482,10.5205,10.499,10.5205,166,573,-0.1022,2061
2144,2019-08-27,10.3374,10.4667,10.3374,10.4128,355,567,-1.0235,2061
2145,2019-08-28,10.3374,10.4344,10.3374,10.4344,326,568,0.2068,2061
2146,2019-08-29,10.3374,10.4774,10.3374,10.4774,211,570,0.4128,2061
2147,2019-08-30,10.3374,10.4774,10.3374,10.4774,125,570,0.0,2061
2148,2019-09-02,10.2298,10.3913,10.3482,10.3913,430,566,-0.8222,2061
2149,2019-09-03,10.2405,10.3374,10.3374,10.3374,162,563,-0.5181,2061
2150,2019-09-04,10.2405,10.3697,10.3697,10.3374,277,563,0.0,2061
2151,2019-09-05,10.2298,10.3374,10.2405,10.3374,95,563,0.0,2061
2152,2019-09-06,10.219,10.3374,10.2298,10.3267,321,562,-0.1042,2061
2153,2019-09-09,10.2082,10.2298,10.2298,10.2082,142,556,-1.147,2061
2154,2019-09-10,10.1652,10.2082,10.2082,10.1975,47,555,-0.1055,2061
2155,2019-09-11,10.2082,10.2298,10.2298,10.2082,38,556,0.1056,2061
2156,2019-09-12,10.2082,10.4236,10.2082,10.4236,199,567,2.1097,2061
2157,2019-09-16,10.3374,10.3913,10.3374,10.3913,32,566,-0.3099,2061
2158,2019-09-17,10.3374,10.3374,10.3374,10.3374,9,563,-0.5181,2061
2159,2019-09-18,10.1975,10.3374,10.3374,10.1975,104,555,-1.3542,2061
2160,2019-09-19,10.2298,10.3697,10.3697,10.3374,85,563,1.3728,2061
2161,2019-09-20,10.3159,10.3159,10.3159,10.3159,9,561,-0.2083,2061
2162,2019-09-23,10.3051,10.3051,10.3051,10.3051,9,561,-0.1044,2061
2163,2019-09-24,10.2621,10.3482,10.2836,10.3482,38,563,0.418,2061
2164,2019-09-25,10.2298,10.4344,10.4344,10.3267,95,562,-0.2081,2061
2165,2019-09-26,9.7129,10.2621,9.7129,10.2298,295,557,-0.9385,2061
2166,2019-09-27,9.799,10.1759,9.8636,10.0682,303,548,-1.5789,2061
2167,2019-10-01,10.0682,10.0682,10.0682,10.0682,0,548,0.0,2061
2168,2019-10-02,10.0144,10.0144,10.0144,10.0144,14,545,-0.5348,2061
2169,2019-10-03,10.0144,10.0144,10.0144,10.0144,0,545,0.0,2061
2170,2019-10-04,9.8529,9.8529,9.8529,9.8529,11,536,-1.6129,2061
2171,2019-10-07,9.8529,10.0036,9.8529,9.8529,202,536,0.0,2061
2172,2019-10-08,10.0036,10.6497,10.0036,10.4344,475,568,5.9016,2061
2173,2019-10-09,10.0036,10.3159,10.1759,10.3159,206,561,-1.1352,2061
2174,2019-10-14,9.9929,10.219,10.0036,10.219,246,556,-0.9395,2061
2175,2019-10-15,9.8744,10.0575,9.9498,10.0575,185,547,-1.5806,2061
2176,2019-10-16,9.9067,10.1652,10.1652,10.0575,37,547,0.0,2061
2177,2019-10-17,9.799,10.0252,9.8098,10.0252,200,546,-0.3212,2061
2178,2019-10-18,9.8313,10.0144,10.0036,9.8313,119,535,-1.9334,2061
2179,2019-10-21,9.4868,9.9929,9.4868,9.799,180,533,-0.3286,2061
2180,2019-10-22,9.799,9.9606,9.799,9.9175,288,540,1.2088,2061
2181,2019-10-23,9.9067,10.3159,10.3159,9.9606,113,542,0.4343,2061
2182,2019-10-24,9.8959,9.9929,9.9067,9.9929,54,544,0.3243,2061
2183,2019-10-25,9.8313,10.0144,9.8636,10.0144,641,545,0.2155,2061
2184,2019-10-28,9.9283,10.0898,10.0144,10.0898,222,549,0.7527,2061
2185,2019-10-29,9.8959,10.1975,10.1975,10.0467,396,547,-0.4269,2061
2186,2019-10-30,10.0898,10.2621,10.2621,10.2621,352,559,2.1436,2061
2187,2019-10-31,10.0359,10.3051,10.0359,10.3051,971,561,0.4197,2061
2188,2019-11-01,10.0467,10.3482,10.0467,10.3267,393,562,0.209,2061
2189,2019-11-04,10.0359,10.7466,10.3267,10.499,712,571,1.6684,2061
2190,2019-11-05,10.1113,10.7143,10.1113,10.7143,743,583,2.0513,2061
2191,2019-11-06,10.6282,11.3066,10.7682,11.2527,1841,612,5.0251,2061
2192,2019-11-07,11.0374,11.5219,11.2527,11.1989,3395,610,-0.4785,2061
2193,2019-11-08,11.3066,12.2757,11.3066,12.2757,6689,668,9.6154,2061
2194,2019-11-11,12.2757,12.8141,12.2757,12.7603,4405,695,3.9474,2061
2195,2019-11-12,12.7064,13.7833,12.7064,13.6756,5387,744,7.173,2061
2196,2019-11-13,13.5679,14.537,14.537,13.8371,7212,753,1.1811,2061
2197,2019-11-14,13.0833,14.1063,14.1063,13.5141,4812,736,-2.3346,2061
2198,2019-11-15,13.0833,13.5679,13.0833,13.3525,2597,727,-1.1952,2061
2199,2019-11-18,13.3525,13.7833,13.3525,13.7294,5724,747,2.8226,2061
2200,2019-11-19,13.5679,14.214,13.6756,14.214,6390,774,3.5294,2061
2201,2019-11-20,14.1601,15.3446,14.1601,15.0754,10300,821,6.0606,2061
2202,2019-11-21,14.6447,15.56,15.56,14.9139,3621,812,-1.0714,2061
2203,2019-11-22,14.9139,15.3985,14.9139,15.2908,6421,832,2.5271,2061
2204,2019-11-25,14.9678,15.5062,15.237,15.1831,6250,827,-0.7042,2061
2205,2019-11-26,15.0754,15.3985,15.1831,15.237,3383,830,0.3546,2061
2206,2019-11-27,15.1293,15.4523,15.1293,15.3985,2941,838,1.0601,2061
2207,2019-11-28,15.1293,15.4523,15.3985,15.3446,5320,835,-0.3497,2061
2208,2019-11-29,15.237,15.5062,15.3985,15.2908,4341,832,-0.3509,2061
2209,2019-12-02,15.1831,16.3676,16.3676,15.3985,5262,838,0.7042,2061
2210,2019-12-03,15.3446,15.6138,15.6138,15.4523,3989,841,0.3497,2061
2211,2019-12-04,15.4523,15.56,15.5062,15.56,1718,847,0.6969,2061
2212,2019-12-05,15.4523,15.6138,15.5062,15.5062,2686,844,-0.346,2061
2213,2019-12-06,15.56,16.3676,15.56,16.3676,19076,891,5.5556,2061
2214,2019-12-09,16.1523,17.1214,17.1214,16.5291,7820,900,0.9868,2061
2215,2019-12-10,15.7215,16.3676,16.0446,16.2599,5060,885,-1.6287,2061
2216,2019-12-11,15.9369,16.2599,15.9369,16.1523,2925,879,-0.6623,2061
2217,2019-12-12,16.0446,16.2599,16.1523,16.2599,2500,885,0.6667,2061
2218,2019-12-13,15.9369,16.2061,16.2061,15.9369,5579,868,-1.9868,2061
2219,2019-12-16,15.56,16.1523,16.1523,16.0446,10257,874,0.6757,2061
2220,2019-12-17,15.7215,15.9369,15.9369,15.7215,1948,856,-2.0134,2061
2221,2019-12-18,15.3446,15.8292,15.4523,15.6138,3069,850,-0.6849,2061
2222,2019-12-19,15.3985,16.0984,15.6138,15.4523,2909,841,-1.0345,2061
2223,2019-12-20,15.4523,16.7983,16.7983,15.5062,2224,844,0.3484,2061
2224,2019-12-23,14.8601,15.3985,15.3985,15.0754,3337,821,-2.7778,2061
2225,2019-12-24,14.9139,15.0754,15.0754,15.0754,178,821,0.0,2061
2226,2019-12-25,14.4832,15.0754,15.0754,14.6986,1932,800,-2.5,2061
2227,2019-12-26,13.2448,13.5141,13.3525,13.2448,4405,721,-9.8901,2061
2228,2019-12-27,11.9527,13.1372,13.1372,12.4911,6176,680,-5.6911,2061
2229,2019-12-30,11.5219,12.2757,12.2757,12.0065,3428,654,-3.8793,2061
2230,2019-12-31,12.0065,12.3296,12.0065,12.0065,3277,654,0.0,2061
2231,2020-01-02,10.822,12.0604,12.0604,11.1989,3676,610,-6.7265,2061
2232,2020-01-03,11.0374,11.1989,11.1989,11.0374,912,601,-1.4423,2061
2233,2020-01-06,10.7682,10.9835,10.8759,10.8759,537,592,-1.4634,2061
2234,2020-01-07,10.7574,11.5219,10.7682,11.3604,1659,618,4.4554,2061
2235,2020-01-08,10.9835,11.4143,11.3066,11.2527,1027,612,-0.9479,2061
2236,2020-01-09,10.9835,11.1989,11.1989,11.0374,328,601,-1.9139,2061
2237,2020-01-10,11.1989,11.5758,11.2527,11.4143,1927,621,3.4146,2061
2238,2020-01-13,11.3604,11.6296,11.5219,11.6296,641,633,1.8868,2061
2239,2020-01-14,11.4681,11.5758,11.5758,11.5219,557,627,-0.9259,2061
2240,2020-01-15,11.4143,11.6296,11.6296,11.5219,682,627,0.0,2061
2241,2020-01-16,11.3604,11.5758,11.5758,11.5219,288,627,0.0,2061
2242,2020-01-17,11.3066,11.5758,11.5219,11.5758,594,630,0.4673,2061
2243,2020-01-20,11.1451,11.3604,11.3604,11.1989,303,610,-3.2558,2061
2244,2020-01-30,10.639,11.1989,11.1989,10.7036,234,583,-4.4231,2061
2245,2020-01-31,10.6066,10.8759,10.822,10.6605,1065,580,-0.4024,2061
2246,2020-02-03,10.2298,10.4559,10.4451,10.3697,613,564,-2.7273,2061
2247,2020-02-04,10.2298,10.4451,10.4451,10.2621,306,559,-1.0384,2061
2248,2020-02-05,10.2298,10.4559,10.3374,10.2405,496,557,-0.2099,2061
2249,2020-02-06,10.2405,10.4774,10.3374,10.359,443,564,1.1567,2061
2250,2020-02-07,10.2298,10.4559,10.359,10.2298,508,557,-1.2474,2061
2251,2020-02-10,10.1759,10.4128,10.1759,10.3374,597,563,1.0526,2061
2252,2020-02-11,10.3374,10.7574,10.7574,10.542,183,574,1.9792,2061
2253,2020-02-12,10.499,10.6066,10.5636,10.499,372,571,-0.4086,2061
2254,2020-02-13,10.4451,10.7682,10.7682,10.6713,88,581,1.641,2061
2255,2020-02-14,10.4021,10.5313,10.4021,10.5313,135,573,-1.3118,2061
2256,2020-02-17,10.3374,10.5528,10.5528,10.3913,329,566,-1.3292,2061
2257,2020-02-18,10.4021,10.4344,10.4021,10.4021,48,566,0.1036,2061
2258,2020-02-19,10.4236,10.499,10.499,10.4882,78,571,0.8282,2061
2259,2020-02-20,10.4882,10.5528,10.4882,10.5528,127,574,0.616,2061
2260,2020-02-21,10.5528,10.5528,10.5528,10.5528,0,574,0.0,2061
2261,2020-02-24,10.1759,10.5313,10.4021,10.3805,601,565,-1.6327,2061
2262,2020-02-25,10.1221,10.3482,10.1544,10.3482,171,563,-0.3112,2061
2263,2020-02-26,10.1975,10.4882,10.2513,10.1975,410,555,-1.4568,2061
2264,2020-02-27,9.8529,10.3051,10.3051,10.1113,882,550,-0.8448,2061
2265,2020-03-02,9.4868,10.2082,10.2082,10.0575,466,547,-0.5325,2061
2266,2020-03-03,9.8313,10.0359,10.0359,9.9929,332,544,-0.6424,2061
2267,2020-03-04,9.7021,10.0144,10.0036,9.9929,294,544,0.0,2061
2268,2020-03-05,9.8313,9.9606,9.9606,9.9606,157,542,-0.3233,2061
2269,2020-03-06,9.7021,9.9713,9.9606,9.9067,181,539,-0.5405,2061
2270,2020-03-09,9.7129,9.9606,9.7129,9.9606,916,542,0.5435,2061
2271,2020-03-10,9.6914,9.9498,9.8313,9.939,163,541,-0.2162,2061
2272,2020-03-11,9.9067,10.3374,10.1975,10.0359,441,546,0.9751,2061
2273,2020-03-12,9.4868,9.9498,9.8313,9.9067,452,539,-1.2876,2061
2274,2020-03-13,8.9268,10.1544,10.1544,9.5621,552,520,-3.4783,2061
2275,2020-03-16,8.6145,8.7761,8.6361,8.6145,1483,469,-9.9099,2061
2276,2020-03-17,8.0761,8.7438,8.453,8.4961,947,462,-1.375,2061
2277,2020-03-18,8.0761,8.5607,8.5607,8.3884,288,456,-1.2674,2061
2278,2020-03-19,7.57,8.4853,8.0761,8.3669,2323,455,-0.2567,2061
2279,2020-03-20,7.8069,8.5822,7.8069,8.5822,34,467,2.574,2061
2280,2020-03-23,8.5069,8.5822,8.5822,8.5715,71,466,-0.1255,2061
2281,2020-03-24,8.4422,8.6899,8.6899,8.5069,134,463,-0.7538,2061
2282,2020-03-25,7.9254,9.1099,9.1099,8.6361,114,470,1.519,2061
2283,2020-03-26,8.13,8.4961,8.4961,8.4745,250,461,-1.8703,2061
2284,2020-03-27,8.173,8.4638,8.173,8.4638,86,461,-0.1271,2061
2285,2020-03-30,7.6669,8.2484,7.7854,7.6669,487,417,-9.4148,2061
2286,2020-03-31,6.9132,7.8823,7.8823,7.5593,888,411,-1.4045,2061
2287,2020-04-01,6.9993,7.5377,7.1608,7.5377,347,410,-0.2849,2061
2288,2020-04-06,7.0316,7.5162,7.5162,7.4193,538,404,-1.5714,2061
2289,2020-04-07,7.0532,7.4193,7.4193,7.2039,635,392,-2.9028,2061
2290,2020-04-08,7.2039,7.4193,7.4193,7.3116,244,398,1.4948,2061
2291,2020-04-09,7.3116,7.8392,7.3116,7.6454,276,416,4.5655,2061
2292,2020-04-10,7.5593,7.6454,7.6454,7.5808,189,412,-0.8451,2061
2293,2020-04-13,7.3224,7.5485,7.3224,7.5485,56,411,-0.4261,2061
2294,2020-04-14,7.5377,7.6454,7.5377,7.6454,316,416,1.2839,2061
2295,2020-04-15,7.5916,7.6454,7.6023,7.6454,240,416,0.0,2061
2296,2020-04-16,7.6454,7.7531,7.6454,7.7531,342,422,1.4085,2061
2297,2020-04-17,7.6454,7.8608,7.85,7.7531,288,422,0.0,2061
2298,2020-04-20,7.71,8.3884,7.7531,8.3884,278,456,8.1944,2061
2299,2020-04-21,7.7531,7.8608,7.8608,7.7531,173,422,-7.5738,2061
2300,2020-04-22,7.6454,7.8608,7.6454,7.7639,130,422,0.1389,2061
2301,2020-04-23,7.6454,7.8608,7.85,7.8608,133,428,1.2483,2061
2302,2020-04-24,7.71,7.8069,7.7531,7.71,165,420,-1.9178,2061
2303,2020-04-27,7.7208,8.0546,7.7531,7.9469,786,432,3.0726,2061
2304,2020-04-28,7.9361,7.9792,7.9469,7.9792,140,434,0.4065,2061
2305,2020-04-29,7.7531,8.1623,8.1623,7.99,402,435,0.135,2061
2306,2020-04-30,7.8608,8.0546,7.8608,8.0008,282,435,0.1348,2061
2307,2020-05-04,7.8069,8.4961,7.8608,8.4961,214,462,6.1911,2061
2308,2020-05-05,8.0223,8.4745,8.4638,8.3992,443,457,-1.1407,2061
2309,2020-05-06,8.2377,8.453,8.453,8.4422,202,459,0.5128,2061
2310,2020-05-07,8.3453,8.7007,8.7007,8.6468,236,471,2.4235,2061
2311,2020-05-08,8.5069,8.8084,8.8084,8.7222,203,475,0.8717,2061
2312,2020-05-11,8.3992,9.0237,9.0237,8.7976,430,479,0.8642,2061
2313,2020-05-12,8.5284,8.8837,8.8837,8.8191,417,480,0.2448,2061
2314,2020-05-13,8.6038,9.0345,9.0345,8.7868,692,478,-0.3663,2061
2315,2020-05-14,8.6468,8.7868,8.733,8.7868,202,478,0.0,2061
2316,2020-05-15,8.6145,8.8407,8.8407,8.7007,136,473,-0.9804,2061
2317,2020-05-18,8.593,8.916,8.7007,8.593,115,468,-1.2376,2061
2318,2020-05-19,8.5715,8.7007,8.6145,8.6145,232,469,0.2506,2061
2319,2020-05-20,8.5284,8.6145,8.6145,8.5284,71,464,-1.0,2061
2320,2020-05-21,8.4315,8.6145,8.6145,8.4315,95,459,-1.1364,2061
2321,2020-05-22,8.2053,8.6145,8.6145,8.3669,283,455,-0.7663,2061
2322,2020-05-25,8.2484,8.2915,8.2915,8.27,106,450,-1.1583,2061
2323,2020-05-26,8.1838,8.3669,8.3669,8.27,46,450,0.0,2061
2324,2020-05-27,8.27,8.3238,8.313,8.2807,192,451,0.1302,2061
2325,2020-05-28,8.1946,8.3453,8.2915,8.2807,261,451,0.0,2061
2326,2020-05-29,8.0761,8.3669,8.1192,8.3669,179,455,1.0403,2061
2327,2020-06-01,8.4099,8.6253,8.4099,8.6253,207,469,3.0888,2061
2328,2020-06-02,8.3561,8.593,8.5069,8.593,180,468,-0.3745,2061
2329,2020-06-03,8.4315,8.6145,8.6145,8.4315,346,459,-1.8797,2061
2330,2020-06-04,8.4638,8.8945,8.8945,8.7438,169,476,3.7037,2061
2331,2020-06-05,8.5069,8.9376,8.9376,8.6145,710,469,-1.4778,2061
2332,2020-06-08,8.4638,8.7438,8.4638,8.6361,342,470,0.25,2061
2333,2020-06-09,8.4638,8.6361,8.6361,8.6145,1960,469,-0.2494,2061
2334,2020-06-10,8.5284,8.7114,8.6576,8.6253,307,469,0.125,2061
2335,2020-06-11,8.6361,9.2606,8.6361,8.7653,2187,477,1.623,2061
2336,2020-06-12,8.733,9.2068,8.733,9.1422,1346,498,4.2998,2061
2337,2020-06-15,9.1852,9.5729,9.5514,9.2606,1232,504,1.2956,2061
2338,2020-06-16,8.9376,9.4545,9.4545,8.9376,662,486,-3.4884,2061
2339,2020-06-17,8.7761,9.1529,9.1529,8.9699,216,488,0.3614,2061
2340,2020-06-18,8.9376,9.3037,8.9914,8.9376,159,486,-0.3601,2061
2341,2020-06-19,8.8084,9.0237,8.9376,8.8299,157,481,-1.2048,2061
2342,2020-06-22,8.8837,8.9376,8.916,8.8837,100,483,0.6098,2061
2343,2020-06-23,8.8945,9.0453,8.916,8.8945,49,484,0.1212,2061
2344,2020-06-24,8.7761,9.0453,8.8945,8.7761,83,478,-1.3317,2061
2345,2020-06-29,8.7007,9.1529,8.7007,9.0776,254,494,3.4356,2061
2346,2020-06-30,8.8299,9.1529,8.8299,9.1422,354,498,0.7117,2061
2347,2020-07-01,9.0883,9.2176,9.1529,9.2176,152,502,0.8245,2061
2348,2020-07-02,9.1745,9.476,9.1745,9.476,484,516,2.8037,2061
2349,2020-07-03,9.1529,9.5837,9.3683,9.476,228,516,0.0,2061
2350,2020-07-06,9.3683,9.5621,9.3683,9.4652,79,515,-0.1136,2061
2351,2020-07-07,9.0668,9.4437,9.2068,9.3791,111,510,-0.9101,2061
2352,2020-07-08,9.0453,9.2714,9.1637,9.2176,450,502,-1.7222,2061
2353,2020-07-09,9.0453,9.3898,9.3898,9.0668,432,493,-1.6355,2061
2354,2020-07-10,9.0453,9.2176,9.056,9.056,184,493,-0.1188,2061
2355,2020-07-13,8.9914,9.1422,9.0776,9.1314,793,497,0.8323,2061
2356,2020-07-14,9.0453,9.1206,9.0453,9.0453,94,492,-0.9434,2061
2357,2020-07-15,8.9699,9.0883,9.0453,9.0453,176,492,0.0,2061
2358,2020-07-16,8.9376,9.0991,9.0453,8.9591,325,488,-0.9524,2061
2359,2020-07-17,8.6791,9.1529,9.1314,8.7222,420,475,-2.6442,2061
2360,2020-07-20,8.3023,8.9483,8.9483,8.8299,776,481,1.2346,2061
2361,2020-07-21,8.5176,8.7976,8.5607,8.7761,240,478,-0.6098,2061
2362,2020-07-22,8.7761,9.0237,8.7976,8.873,101,483,1.1043,2061
2363,2020-07-23,8.6684,8.916,8.7222,8.8299,102,481,-0.4854,2061
2364,2020-07-24,8.7222,9.0776,9.0776,8.916,49,485,0.9756,2061
2365,2020-07-27,8.6684,9.2499,8.7761,9.0453,172,492,1.4493,2061
2366,2020-07-28,8.7761,9.3575,9.3575,9.0237,206,491,-0.2381,2061
2367,2020-07-29,8.6791,9.336,9.336,9.013,148,490,-0.1193,2061
2368,2020-07-30,8.6899,9.1422,9.0776,8.8837,317,483,-1.4337,2061
2369,2020-07-31,8.8407,9.0345,8.8837,8.8514,375,482,-0.3636,2061
2370,2020-08-03,8.8299,9.056,8.916,8.916,148,485,0.7299,2061
2371,2020-08-04,8.7438,9.0991,9.0991,9.0453,594,492,1.4493,2061
2372,2020-08-05,8.916,9.3791,9.3791,9.2391,202,503,2.1429,2061
2373,2020-08-06,8.9807,9.4545,9.4545,9.2499,144,503,0.1166,2061
2374,2020-08-07,8.8837,9.2499,9.2068,8.9376,166,486,-3.376,2061
2375,2020-08-10,8.9914,9.2391,9.2391,8.9914,23,489,0.6024,2061
2376,2020-08-11,8.9591,9.0991,9.0991,8.9914,276,489,0.0,2061
2377,2020-08-12,9.1314,9.1314,9.1314,9.1314,8,497,1.5569,2061
2378,2020-08-13,9.1422,9.799,9.1422,9.7883,963,533,7.1934,2061
2379,2020-08-14,9.3252,9.7883,9.7883,9.3575,250,509,-4.4004,2061
2380,2020-08-17,9.3145,9.5621,9.5621,9.3145,97,507,-0.4603,2061
2381,2020-08-18,9.2176,9.8206,9.2176,9.8206,301,534,5.4335,2061
2382,2020-08-19,9.5621,9.799,9.7883,9.6914,171,527,-1.3158,2061
2383,2020-08-20,9.4329,9.6914,9.476,9.6052,97,523,-0.8889,2061
2384,2020-08-21,9.5406,9.6914,9.6806,9.5406,80,519,-0.6726,2061
2385,2020-08-24,9.4221,9.7237,9.7237,9.6698,44,526,1.3544,2061
2386,2020-08-25,9.4221,9.6698,9.6698,9.6267,61,524,-0.4454,2061
2387,2020-08-26,9.5729,9.6914,9.5837,9.6914,28,527,0.6711,2061
2388,2020-08-27,9.5621,9.7883,9.7452,9.5621,324,520,-1.3333,2061
2389,2020-08-28,9.5621,10.5097,9.5621,10.4128,3049,567,8.8964,2061
2390,2020-08-31,9.3898,10.3374,10.3374,9.4868,4534,517,-8.8935,2061
2391,2020-09-01,9.4975,10.1221,9.6806,9.6375,1253,525,1.5891,2061
2392,2020-09-02,9.5406,9.6483,9.6483,9.5514,196,520,-0.8939,2061
2393,2020-09-03,9.6052,9.9821,9.6375,9.7344,234,530,1.9166,2061
2394,2020-09-04,9.5944,9.8959,9.7021,9.8959,292,539,1.6593,2061
2395,2020-09-07,10.0144,10.682,10.1759,10.4236,699,568,5.3319,2061
2396,2020-09-08,10.079,10.7251,10.499,10.639,1341,580,2.0661,2061
2397,2020-09-09,10.5743,11.2527,10.6066,10.7574,1406,586,1.1134,2061
2398,2020-09-10,10.4882,10.7682,10.7143,10.7574,630,586,0.0,2061
2399,2020-09-11,10.4128,10.7574,10.6174,10.7574,696,586,0.0,2061
2400,2020-09-14,10.4451,10.6713,10.4451,10.5743,253,576,-1.7017,2061
2401,2020-09-15,10.5313,10.9297,10.5313,10.7251,716,584,1.4257,2061
2402,2020-09-16,10.7466,11.7911,10.7682,11.4143,2228,622,6.4257,2061
2403,2020-09-17,10.8759,11.6835,10.8759,11.1451,1132,607,-2.3585,2061
2404,2020-09-18,11.1451,12.2219,11.1451,12.0604,7294,657,8.2126,2061
2405,2020-09-21,11.7373,12.9756,12.168,12.0604,4269,657,0.0,2061
2406,2020-09-22,11.845,12.8141,11.8988,12.3834,1865,675,2.6786,2061
2407,2020-09-23,12.168,12.7064,12.7064,12.3834,684,675,0.0,2061
2408,2020-09-24,12.1142,12.5988,12.168,12.3834,2210,675,0.0,2061
2409,2020-09-25,11.1989,12.3834,12.3834,11.7373,3722,639,-5.2174,2061
2410,2020-09-28,11.0912,11.7373,11.6835,11.3604,925,619,-3.211,2061
2411,2020-09-29,11.1989,12.0065,11.1989,11.8988,214,648,4.7393,2061
2412,2020-09-30,11.2527,11.7911,11.2527,11.7911,30,642,-0.905,2061
2413,2020-10-05,11.6296,12.0604,11.6296,11.9527,1113,651,1.3699,2061
2414,2020-10-06,12.0065,12.3834,12.0065,12.2219,2099,666,2.2523,2061
2415,2020-10-07,12.2757,13.3525,13.3525,12.868,3409,701,5.2863,2061
2416,2020-10-08,12.5988,12.868,12.868,12.5988,1916,686,-2.0921,2061
2417,2020-10-12,12.6526,13.6756,12.7064,13.4602,3757,733,6.8376,2061
2418,2020-10-13,13.2448,13.7294,13.6217,13.5141,2572,736,0.4,2061
2419,2020-10-14,13.2448,13.5679,13.5141,13.3525,1804,727,-1.1952,2061
2420,2020-10-15,12.868,13.4602,13.1372,12.868,1143,701,-3.629,2061
2421,2020-10-16,11.9527,12.7064,12.6526,11.9527,2346,651,-7.113,2061
2422,2020-10-19,12.2757,12.8141,12.2757,12.6526,303,689,5.8559,2061
2423,2020-10-20,12.5449,13.6756,12.7064,12.8141,2111,698,1.2766,2061
2424,2020-10-21,12.6526,12.868,12.6526,12.7603,248,695,-0.4202,2061
2425,2020-10-22,12.6526,13.2448,13.2448,12.7064,473,692,-0.4219,2061
2426,2020-10-23,12.4372,12.7064,12.4372,12.7064,200,692,0.0,2061
2427,2020-10-26,12.2757,12.5988,12.5988,12.5988,754,686,-0.8475,2061
2428,2020-10-27,12.5449,12.8141,12.5988,12.8141,161,698,1.7094,2061
2429,2020-10-28,12.3834,12.868,12.4911,12.868,144,701,0.4202,2061
2430,2020-10-29,12.2219,12.8141,12.2757,12.7064,640,692,-1.2552,2061
2431,2020-10-30,12.2219,12.868,12.2219,12.868,175,701,1.2712,2061
2432,2020-11-02,12.168,12.5988,12.4911,12.2219,173,666,-5.0209,2061
2433,2020-11-03,12.2757,12.8141,12.2757,12.7064,98,692,3.9648,2061
2434,2020-11-04,12.7064,12.7064,12.7064,12.7064,0,692,0.0,2061
2435,2020-11-05,12.4911,12.7064,12.4911,12.6526,164,689,-0.4237,2061
2436,2020-11-06,12.3834,12.9218,12.9218,12.5988,217,686,-0.4255,2061
2437,2020-11-09,12.4372,12.7603,12.4911,12.5449,838,683,-0.4274,2061
2438,2020-11-10,12.3834,12.5449,12.3834,12.5449,92,683,0.0,2061
2439,2020-11-11,12.2757,12.2757,12.2757,12.2757,287,669,-2.1459,2061
2440,2020-11-12,12.2757,12.5449,12.3834,12.5449,196,683,2.193,2061
2441,2020-11-13,12.2757,12.8141,12.7064,12.7603,529,695,1.7167,2061
2442,2020-11-16,12.8141,13.0295,12.9218,13.0295,1846,710,2.1097,2061
2443,2020-11-17,12.8141,13.3525,13.3525,12.9756,793,707,-0.4132,2061
2444,2020-11-18,12.868,13.8371,12.9218,13.2448,1347,722,2.0747,2061
2445,2020-11-19,12.8141,13.2987,13.2448,13.1372,1313,716,-0.813,2061
2446,2020-11-20,12.868,13.5679,12.9218,13.4064,1485,730,2.0492,2061
2447,2020-11-23,13.4602,13.7833,13.7833,13.5679,1754,739,1.2048,2061
2448,2020-11-24,13.4064,13.9986,13.5679,13.4602,2926,733,-0.7937,2061
2449,2020-11-25,13.2448,13.5141,13.4602,13.2987,645,724,-1.2,2061
2450,2020-11-26,13.1372,13.5679,13.5679,13.4064,1677,730,0.8097,2061
2451,2020-11-27,13.1372,13.6756,13.4602,13.2987,2440,724,-0.8032,2061
2452,2020-11-30,13.2448,13.6756,13.6756,13.3525,1602,727,0.4049,2061
2453,2020-12-01,13.0295,13.3525,13.191,13.3525,1400,727,0.0,2061
2454,2020-12-02,13.0295,13.9448,13.9448,13.1372,1039,716,-1.6129,2061
2455,2020-12-03,13.1372,13.7294,13.1372,13.4064,2256,730,2.0492,2061
2456,2020-12-04,12.9756,13.4602,12.9756,13.4602,990,733,0.4016,2061
2457,2020-12-07,13.3525,13.8909,13.3525,13.6756,2972,745,1.6,2061
2458,2020-12-08,13.6756,13.7833,13.7294,13.6756,559,745,0.0,2061
2459,2020-12-09,13.6756,14.1063,13.7833,13.7294,2239,748,0.3937,2061
2460,2020-12-10,13.4064,14.3217,13.4602,14.1601,2881,771,3.1373,2061
2461,2020-12-11,13.9986,14.6447,14.1601,14.3755,1929,783,1.5209,2061
2462,2020-12-14,14.0525,14.8062,14.5909,14.6986,1867,801,2.2472,2061
2463,2020-12-15,15.1831,16.1523,15.5062,16.0446,16624,874,9.1575,2061
2464,2020-12-16,15.0754,16.2061,15.0754,16.0446,10945,874,0.0,2061
2465,2020-12-17,15.9369,16.4215,16.1523,16.1523,10118,880,0.6711,2061
2466,2020-12-18,15.6138,16.1523,16.1523,15.8831,4436,865,-1.6667,2061
2467,2020-12-21,15.5062,15.9369,15.6138,15.6138,2100,851,-1.6949,2061
2468,2020-12-22,15.0754,15.6138,15.1831,15.2908,2445,833,-2.069,2061
2469,2020-12-23,14.8601,15.6677,15.6677,15.1293,1931,824,-1.0563,2061
2470,2020-12-24,14.3755,15.1831,14.8062,14.8062,3803,807,-2.1352,2061
2471,2020-12-25,14.214,14.8062,14.8062,14.4293,1478,786,-2.5455,2061
2472,2020-12-28,14.3755,14.6986,14.4293,14.6986,1279,801,1.8657,2061
2473,2020-12-29,14.6447,14.9678,14.6986,14.8062,711,807,0.7326,2061
2474,2020-12-30,14.8062,15.56,14.8062,14.9139,729,812,0.7273,2061
2475,2020-12-31,14.6447,14.9678,14.8062,14.9139,2150,812,0.0,2061
2476,2021-01-04,14.7524,15.6138,15.6138,15.0754,3633,821,1.083,2061
2477,2021-01-05,15.1293,15.8292,15.1293,15.6677,5436,854,3.9286,2061
2478,2021-01-06,15.0754,16.0446,15.7215,15.56,5422,848,-0.6873,2061
2479,2021-01-07,15.56,15.56,15.56,15.56,0,847,0.0,2061
2480,2021-01-08,15.56,15.56,15.56,15.56,0,847,0.0,2061
2481,2021-01-11,15.56,15.56,15.56,15.56,0,847,0.0,2061
2482,2021-01-12,15.56,15.56,15.56,15.56,0,847,0.0,2061
2483,2021-01-13,15.56,15.56,15.56,15.56,0,847,0.0,2061
2484,2021-01-14,15.56,15.56,15.56,15.56,0,847,0.0,2061
2485,2021-01-15,15.56,15.56,15.56,15.56,0,847,0.0,2061
2486,2021-01-18,14.5,15.6,15.55,15.55,4143,729,-0.0692,2061
2487,2021-01-19,14.8,15.45,15.45,14.85,1178,696,-4.5016,2061
2488,2021-01-20,14.0,15.1,15.1,14.05,2039,659,-5.3872,2061
2489,2021-01-21,14.05,15.45,14.05,15.45,5967,725,9.9644,2061
2490,2021-01-22,15.65,16.95,15.65,16.95,14623,795,9.7087,2061
2491,2021-01-25,15.85,18.6,16.95,18.3,13876,858,7.9646,2061
2492,2021-01-26,17.95,20.1,17.95,19.5,21787,915,6.5574,2061
2493,2021-01-27,19.1,21.4,19.5,19.1,22925,896,-2.0513,2061
2494,2021-01-28,18.0,20.45,18.45,19.8,14696,929,3.6649,2061
2495,2021-01-29,19.8,21.3,20.5,20.0,21708,938,1.0101,2061
2496,2021-02-01,20.05,21.05,20.75,21.05,18479,987,5.25,2061
2497,2021-02-02,20.8,21.9,21.55,21.8,15173,1023,3.5629,2061
2498,2021-02-03,20.8,22.0,21.8,20.95,11738,983,-3.8991,2061
2499,2021-02-04,20.5,22.1,20.5,21.9,11948,1027,4.5346,2061
2500,2021-02-05,21.6,24.05,21.6,24.05,29939,1128,9.8174,2061
2501,2021-02-17,24.85,26.45,25.8,26.45,26613,1241,9.9792,2061
2502,2021-02-18,27.25,29.05,27.25,29.05,42547,1363,9.8299,2061
2503,2021-02-19,26.15,29.9,29.9,27.2,40815,1276,-6.3683,2061
2504,2021-02-22,27.0,28.9,27.0,28.75,17329,1349,5.6985,2061
2505,2021-02-23,27.6,29.0,28.75,28.05,17642,1316,-2.4348,2061
2506,2021-02-24,27.0,28.55,28.55,27.4,12852,1285,-2.3173,2061
2507,2021-02-25,27.2,28.4,27.5,28.4,10699,1332,3.6496,2061
2508,2021-02-26,27.5,28.25,28.25,27.9,8384,1309,-1.7606,2061
2509,2021-03-02,26.2,28.5,28.05,26.2,19584,1230,-6.0932,2061
2510,2021-03-03,25.65,27.9,26.2,27.9,27895,1309,6.4885,2061
2511,2021-03-04,27.15,28.6,28.15,28.6,22633,1342,2.509,2061
2512,2021-03-05,27.3,28.75,27.3,28.15,8856,1321,-1.5734,2061
2513,2021-03-08,27.1,28.35,27.1,27.4,6903,1286,-2.6643,2061
2514,2021-03-09,26.4,27.4,27.4,27.3,9023,1281,-0.365,2061
2515,2021-03-10,27.0,29.7,27.3,28.9,25692,1356,5.8608,2061
2516,2021-03-11,27.9,29.5,29.1,28.95,17640,1359,0.173,2061
2517,2021-03-12,27.6,28.95,28.95,27.8,6082,1305,-3.9724,2061
2518,2021-03-15,27.7,28.35,27.85,28.15,5322,1321,1.259,2061
2519,2021-03-16,27.4,28.2,28.2,27.5,6482,1291,-2.3091,2061
2520,2021-03-17,26.6,28.0,27.5,27.5,9744,1291,0.0,2061
2521,2021-03-18,26.9,28.0,27.7,26.95,5420,1265,-2.0,2061
2522,2021-03-19,26.45,27.3,26.6,26.8,4993,1258,-0.5566,2061
2523,2021-03-22,26.1,27.0,26.8,26.1,7462,1225,-2.6119,2061
2524,2021-03-23,26.0,27.75,26.2,27.55,9906,1293,5.5556,2061
2525,2021-03-24,26.5,27.8,27.6,26.7,5034,1253,-3.0853,2061
2526,2021-03-25,26.6,27.3,26.7,26.7,5040,1253,0.0,2061
2527,2021-03-26,26.55,26.8,26.7,26.6,3214,1248,-0.3745,2061
2528,2021-03-29,26.65,27.5,26.7,26.7,5432,1253,0.3759,2061
2529,2021-03-30,26.7,27.0,26.75,26.8,3180,1258,0.3745,2061
2530,2021-03-31,26.8,27.9,26.8,27.9,14165,1309,4.1045,2061
2531,2021-04-01,27.3,28.1,27.85,27.4,8731,1286,-1.7921,2061
2532,2021-04-06,26.9,29.0,27.15,28.95,21623,1359,5.6569,2061
2533,2021-04-07,29.35,31.8,30.15,31.8,68357,1492,9.8446,2061
2534,2021-04-08,32.8,34.95,33.95,34.95,64337,1640,9.9057,2061
2535,2021-04-09,32.05,36.5,36.4,33.9,59174,1591,-3.0043,2061
2536,2021-04-12,30.55,34.45,34.45,30.55,73663,1434,-9.882,2061
2537,2021-04-13,27.5,29.75,29.75,27.5,60746,1291,-9.9836,2061
2538,2021-04-14,24.75,26.95,26.1,25.6,37068,1201,-6.9091,2061
2539,2021-04-15,24.0,25.9,25.2,24.9,12823,1169,-2.7344,2061
2540,2021-04-16,22.8,25.25,25.15,23.55,30023,1105,-5.4217,2061
2541,2021-04-19,21.2,23.55,23.55,21.7,34371,1018,-7.8556,2061
2542,2021-04-20,21.6,23.85,21.7,23.85,35475,1119,9.9078,2061
2543,2021-04-21,22.25,24.0,23.8,22.95,31891,1077,-3.7736,2061
2544,2021-04-22,21.3,23.25,23.0,21.55,22614,1011,-6.1002,2061
2545,2021-04-23,21.1,22.3,21.55,21.5,9337,1009,-0.232,2061
2546,2021-04-26,21.8,23.55,21.8,22.95,15114,1077,6.7442,2061
2547,2021-04-27,22.8,23.5,23.5,22.9,7425,1075,-0.2179,2061
2548,2021-04-28,22.2,22.9,22.9,22.35,8497,1049,-2.4017,2061
2549,2021-04-29,22.4,23.5,22.8,23.2,12551,1089,3.8031,2061
2550,2021-05-03,22.6,24.25,23.5,23.0,14915,1079,-0.8621,2061
2551,2021-05-04,20.8,23.2,23.2,21.4,8295,1004,-6.9565,2061
2552,2021-05-05,20.75,22.4,21.45,22.15,4334,1039,3.5047,2061
2553,2021-05-06,22.2,23.05,22.6,22.2,5186,1042,0.2257,2061
2554,2021-05-07,21.45,23.2,22.3,23.1,5937,1084,4.0541,2061
2555,2021-05-10,22.3,24.8,24.55,23.0,12923,1079,-0.4329,2061
2556,2021-05-11,20.7,22.75,22.75,20.8,11674,976,-9.5652,2061
2557,2021-05-12,18.75,21.35,21.35,18.95,13008,889,-8.8942,2061
2558,2021-05-13,17.25,19.25,18.1,18.05,4774,847,-4.7493,2061
2559,2021-05-14,18.1,19.25,18.6,18.2,5472,854,0.831,2061
2560,2021-05-17,16.4,17.4,16.4,16.4,4629,770,-9.8901,2061
2561,2021-05-18,16.4,17.8,16.4,17.7,3984,831,7.9268,2061
2562,2021-05-19,17.3,18.45,17.55,18.2,2044,854,2.8249,2061
2563,2021-05-20,17.8,18.35,18.2,18.0,1601,845,-1.0989,2061
2564,2021-05-21,18.55,19.8,18.7,19.8,6671,929,10.0,2061
2565,2021-05-24,20.0,21.75,21.0,21.75,14699,1021,9.8485,2061
2566,2021-05-25,21.5,23.5,22.4,22.0,19554,1032,1.1494,2061
2567,2021-05-26,20.6,21.9,21.9,21.0,6767,986,-4.5455,2061
2568,2021-05-27,20.5,21.25,21.05,21.2,2026,995,0.9524,2061
2569,2021-05-28,21.2,22.85,21.5,22.0,7684,1032,3.7736,2061
2570,2021-05-31,20.9,22.1,22.0,21.1,8757,990,-4.0909,2061
2571,2021-06-01,21.0,21.5,21.45,21.4,1489,1004,1.4218,2061
2572,2021-06-02,20.75,21.65,21.5,21.2,2543,995,-0.9346,2061
2573,2021-06-03,21.0,21.7,21.4,21.25,1460,997,0.2358,2061
2574,2021-06-04,20.5,21.3,20.5,20.9,814,981,-1.6471,2061
2575,2021-06-07,19.9,20.9,20.9,20.3,2308,953,-2.8708,2061
2576,2021-06-08,19.6,20.5,20.5,19.95,1988,936,-1.7241,2061
2577,2021-06-09,19.95,20.5,20.5,20.0,2125,939,0.2506,2061
2578,2021-06-10,19.8,20.4,20.0,20.0,2233,939,0.0,2061
2579,2021-06-11,19.9,20.35,20.2,20.0,1622,939,0.0,2061
2580,2021-06-15,19.65,20.5,20.5,19.9,1905,934,-0.5,2061
2581,2021-06-16,19.1,19.8,19.5,19.5,2071,915,-2.0101,2061
2582,2021-06-17,19.2,19.65,19.2,19.65,1159,922,0.7692,2061
2583,2021-06-18,19.0,20.15,19.75,19.7,1890,924,0.2545,2061
2584,2021-06-21,18.8,19.35,19.1,18.9,2823,887,-4.0609,2061
2585,2021-06-22,18.5,19.35,19.3,19.15,2055,899,1.3228,2061
2586,2021-06-23,18.65,19.3,19.15,18.8,2159,882,-1.8277,2061
2587,2021-06-24,18.7,19.15,18.8,19.0,1503,892,1.0638,2061
2588,2021-06-25,19.0,19.2,19.0,19.2,3060,901,1.0526,2061
2589,2021-06-28,19.0,19.15,19.15,19.15,1353,899,-0.2604,2061
2590,2021-06-29,19.3,21.05,19.3,21.05,8193,988,9.9217,2061
2591,2021-06-30,22.55,23.15,23.15,23.15,18312,1086,9.9762,2061
2592,2021-07-01,22.5,24.75,23.5,23.75,43083,1115,2.5918,2061
2593,2021-07-02,21.7,23.5,23.5,21.9,11001,1028,-7.7895,2061
2594,2021-07-05,21.0,22.3,21.75,21.3,6440,1000,-2.7397,2061
2595,2021-07-06,20.8,22.0,22.0,20.95,4576,983,-1.6432,2061
2596,2021-07-07,20.5,21.1,20.95,20.6,1592,967,-1.6706,2061
2597,2021-07-08,19.9,20.9,20.5,20.9,6190,981,1.4563,2061
2598,2021-07-09,20.1,20.9,20.35,20.7,2082,971,-0.9569,2061
2599,2021-07-12,20.35,21.3,20.95,20.35,4159,955,-1.6908,2061
2600,2021-07-13,19.9,20.35,20.35,19.95,3983,936,-1.9656,2061
2601,2021-07-14,19.8,20.85,19.8,19.95,1665,936,0.0,2061
2602,2021-07-15,19.65,20.25,19.9,20.25,1791,950,1.5038,2061
2603,2021-07-16,19.85,20.15,20.0,20.0,641,939,-1.2346,2061
2604,2021-07-19,20.6,22.0,20.7,22.0,18274,1032,10.0,2061
2605,2021-07-20,21.1,22.1,21.8,21.5,13936,1009,-2.2727,2061
2606,2021-07-21,20.0,21.8,21.8,20.4,6588,957,-5.1163,2061
2607,2021-07-22,19.9,20.5,20.4,20.0,3039,939,-1.9608,2061
2608,2021-07-23,19.95,20.3,20.3,20.2,2345,948,1.0,2061
2609,2021-07-26,19.95,20.45,20.1,20.0,4232,939,-0.9901,2061
2610,2021-07-27,19.8,20.2,20.0,20.0,3334,939,0.0,2061
2611,2021-07-28,19.5,20.15,20.0,19.85,1936,932,-0.75,2061
2612,2021-07-29,19.8,20.2,20.15,20.0,1377,939,0.7557,2061
2613,2021-07-30,19.8,20.05,19.8,20.05,1670,941,0.25,2061
2614,2021-08-02,19.65,20.0,20.0,20.0,693,939,-0.2494,2061
2615,2021-08-03,19.7,20.8,19.9,20.5,1866,962,2.5,2061
2616,2021-08-04,19.95,20.6,20.5,20.0,2813,939,-2.439,2061
2617,2021-08-05,19.45,20.1,20.0,19.65,4321,922,-1.75,2061
2618,2021-08-06,19.5,20.0,19.7,20.0,934,939,1.7812,2061
2619,2021-08-09,19.9,21.05,20.0,20.25,4111,950,1.25,2061
2620,2021-08-10,19.35,20.0,19.35,19.95,1333,936,-1.4815,2061
2621,2021-08-11,19.6,20.0,20.0,19.7,2138,924,-1.2531,2061
2622,2021-08-12,19.65,19.85,19.7,19.75,593,927,0.2538,2061
2623,2021-08-13,19.55,19.8,19.8,19.6,886,920,-0.7595,2061
2624,2021-08-16,19.4,20.0,20.0,19.4,1585,910,-1.0204,2061
2625,2021-08-17,19.25,19.7,19.45,19.35,3567,908,-0.2577,2061
2626,2021-08-18,18.95,19.6,19.35,19.5,2348,915,0.7752,2061
2627,2021-08-19,19.5,20.9,19.5,19.9,6899,934,2.0513,2061
2628,2021-08-20,20.1,20.45,20.25,20.15,4303,946,1.2563,2061
2629,2021-08-23,19.65,20.2,20.15,19.85,1982,932,-1.4888,2061
2630,2021-08-24,19.55,19.85,19.6,19.55,1301,917,-1.5113,2061
2631,2021-08-25,19.7,19.8,19.8,19.8,1238,929,1.2788,2061
2632,2021-08-26,19.9,20.4,20.35,19.95,2966,936,0.7576,2061
